actual,predicted
16,3.0552466318006006
40,3.0300271006463926
13,3.212046144121256
1,3.3765945881863266
8,3.212046144121256
94,4.1326683200796
106,4.124623221608145
93,3.7686302331298718
36,3.562421900291171
65,4.04395685909881
22,4.500307894679898
31,4.250845871054473
2,4.0743229910147
61,4.339713951768946
72,4.505588804351428
76,4.505588804351428
20,3.113806499350676
12,3.566287397571265
5,3.5149346143636135
100,3.344204121553214
182,4.002955879554168
35,3.425748597034128
88,3.9282110069907787
115,4.260283953818248
62,4.628326487038323
132,4.164611032102742
122,3.7305665939233017
59,3.948413638102981
62,4.263159425425799
163,3.7896161691432466
112,3.6609478655151118
5,3.8449090174622294
34,3.311520840168985
210,3.8027321616061798
63,4.260283953818248
67,4.190277602588535
87,4.236442970913571
39,3.7914436109417156
15,3.8192246589577232
2,3.237596193715913
15,2.824999882202607
61,3.132149464602908
102,4.09678752143152
95,4.49899061715778
11,3.8602709754284206
49,4.20336322520732
48,4.098614963229989
20,3.9387872524798846
1,3.639598471721402
1,3.6073640838861096
3,3.4675684894075984
217,3.7789451726509764
57,3.8383430543300814
52,3.6212319394310857
63,3.6212319394310857
95,2.754210767007585
20,2.929098432910229
19,2.7461656685361304
54,3.113806499350676
49,3.995923234854372
20,3.5282658605901083
78,4.3015936819153655
99,3.8045596034046487
30,3.8196735525066607
158,3.016073094054428
68,4.196845419938034
139,3.770282520007327
68,3.405330712158365
12,3.589315488210806
5,3.5409369094831313
1,3.4247670441457356
33,3.3666146580205614
59,3.5647778923878084
129,4.65757223435085
84,4.4032545704975075
74,4.611406866025813
57,4.595316669082904
26,4.401095354044342
44,4.303228896052495
39,3.759930716344318
15,3.3174928732342623
105,4.29073958875705
28,3.7738439088153495
2,3.913526653518514
5,3.913526653518514
13,3.647006718101472
93,3.776759257469451
60,3.611564486000828
27,3.011413409670881
3,2.735675574094012
52,3.0949120147652946
70,3.303064310293602
161,3.917013314417692
112,4.042707413565852
76,4.1873046543228085
59,3.98503824081279
13,3.898692119053431
1,3.7777996661837174
6,3.6541482625975883
101,3.733461739657151
143,3.979384144362525
68,4.232788087316633
215,4.147373474475222
126,3.8539052989779274
56,3.6718862555030625
21,3.525075804343467
1,3.3527496553026235
217,3.94759865007617
166,3.859155838805309
41,3.850491929947412
7,3.8563455879042
3,3.6301051387939056
67,4.132192291387156
59,3.919067834739795
30,3.4293356486419087
33,3.2253405262058457
18,3.0594116796738917
87,4.26242933223173
110,4.428304184814211
77,4.428304184814211
65,4.464480491978186
21,3.7592941179391635
1,3.516475020430337
46,3.612165730164555
57,3.939167783000545
70,3.8045596034046487
153,3.4073734077203945
35,3.435154455736402
24,3.4764641838335195
9,3.361942114458689
5,3.297473338788105
2,3.2135378612860013
61,3.7219395492073093
68,4.1954828054898625
146,3.6587702630401293
58,3.169816890928525
36,3.0452517664431613
36,3.1453314348376473
24,3.7173175487647683
59,3.0617105100843998
31,2.8055635502152363
20,3.5529073954788064
78,3.748390737875764
65,3.8881863323542762
120,3.4544755230468858
107,3.692702989957318
97,4.02359296817252
123,3.8626362827596195
55,3.6294797098406653
21,3.563630531703197
21,3.7426753706980844
1,3.4821182802837845
2,3.4821182802837845
2,3.577575948235729
72,3.492608374725902
185,3.6232746349931153
68,3.6824572629086605
22,2.6464343066008054
116,2.581617224471059
52,2.8672555552604595
16,2.9052409182010885
4,2.9243593135734476
1,3.0049722801364145
123,2.835406936029337
61,2.5527428097199136
52,2.8917766192789935
75,3.0162804730369426
63,3.527344264909827
75,4.14500942335827
32,4.090467181907083
2,3.750349136608158
133,3.828748892768486
69,4.146621611393178
47,4.29251834165354
78,4.219950473562028
147,4.041873349415847
109,3.8186610987350016
13,3.964852141505051
7,3.4701477942881094
82,4.083003431677062
205,3.8778253406287306
103,3.5912732889400956
39,3.547540334760287
18,3.6782065950275
17,3.4168740744930735
4,2.688349007044681
47,2.812215664394371
52,2.8283598552867537
60,2.739701790252332
84,3.202307944651414
69,3.189488118915521
1,3.7762901610002615
182,4.226674369709348
121,4.226674369709348
78,3.951294347794041
26,3.7370409164838856
30,3.473378664655683
15,3.402589549460661
3,2.9078852022437194
1,2.751085689923064
10,2.751085689923064
55,3.1976807061253636
47,3.6050264778112884
64,4.084320709199177
60,4.084320709199177
114,4.108456004613542
78,3.477334422024052
50,4.622941638301091
64,4.30860853859645
51,4.344784845760426
83,4.4172987199024645
152,4.371831818713103
101,4.100339722177006
29,4.124143242936674
12,4.108053045993764
17,3.9943907035686954
7,3.9218768294266564
7,3.5195032188597866
99,3.414970210646016
59,3.9036899429722443
69,4.038845150986398
58,4.271186735878542
7,3.0586804574375988
122,3.88894397445569
45,4.018696513823669
69,4.216859748190916
50,4.4821967149956885
80,4.454119500252641
165,4.372476291899304
160,4.236622616749475
112,4.169179636598915
7,3.3789644183226497
74,2.7827012673719134
216,2.8965788635605434
101,4.290206398378477
47,3.5291973695080543
30,3.211813102338984
24,2.667816455495134
1,2.978441275656469
84,4.1862065805432795
145,4.8965803694649175
40,4.272821950015671
12,3.669077260816202
47,3.841107243130006
152,4.893722685876079
95,4.907770187256958
2,4.276777707384039
3,4.074726547637583
26,4.317057193690786
256,4.665220337461165
55,4.873273900117049
205,4.79713209328231
43,4.38476942155438
19,4.200420646785742
3,4.503215622239182
85,4.950141124991699
41,3.9513878425829567
15,4.026813394263309
33,3.6821089564494995
230,3.8173972171592543
69,4.290690899855072
66,4.630656218332098
86,4.801772479746668
82,5.160041205569243
122,5.065551252466006
255,5.087527331427204
118,4.441738839067287
92,4.311986299699307
17,4.077700752117559
4,4.077700752117559
126,3.8734903759179358
123,5.1039045641018594
81,5.33636266988514
274,5.415325986268188
222,5.043242800847006
50,3.9380125475348886
327,5.484535137489805
162,5.633388284211429
124,5.320218478992757
72,5.691370155495993
31,5.596695849512462
45,5.401543025555953
123,5.581734627232349
171,5.67039269226677
29,4.654133202520578
17,4.550513915206041
16,4.3504067181491886
104,4.372847624460684
182,4.52012475718793
198,4.6709396546178725
47,4.1249181321209365
54,3.936797952864224
37,4.423050039324675
13,4.423050039324675
4,4.423050039324675
1,4.088469569584879
63,3.9635542844230014
57,3.9555091859515468
80,3.4388287597734073
66,3.0063799778244107
49,3.0063799778244107
29,3.295493546374846
69,3.951603096346517
167,3.894149177357017
105,3.8911749728770406
235,3.521949471044698
51,3.953215284381425
87,4.571956803788666
94,4.7046835476366216
141,4.392911964793779
91,3.8468548343691857
11,3.6609478655151118
2,3.398531109240841
58,3.3000992368089204
104,3.221699480648592
79,4.142787081960337
69,4.482752400437365
63,4.542767836288665
3,2.809506725758168
2,3.0488631673313957
6,3.0488631673313957
189,4.429089560062236
8,3.755872276124498
10,3.620752676038
85,4.234252786613153
171,4.431153993622004
137,4.331422631686679
2,2.9709609936219836
125,3.9324089942039557
127,4.276414964882091
81,4.220045281632434
69,3.9999059683039886
1,3.1972674205040836
92,3.1515687337466964
80,3.8777812918071572
45,3.8777812918071572
45,3.5155890326777137
1,3.383686407851864
46,3.617855434542476
107,3.6339996254348583
68,3.8954486668604216
86,4.308626326615162
63,3.689141601149296
25,3.5234820023303746
8,3.335361823073662
256,3.5557163901656668
125,5.115505813297828
1,4.567083375542036
1,4.351629187600899
35,4.143261638309033
220,3.9864621259883766
56,4.294076535738975
50,4.289059635696969
78,4.6088763170112665
71,4.551538918912904
202,4.577672170966346
106,4.090197934194048
51,3.958286178372904
53,3.953215284381425
4,3.4955825792058786
1,3.234250058671452
7,3.1506628876285085
187,4.250294294654084
87,3.6468997661311278
44,3.530729900793732
20,3.2734235964176244
1,3.1005338871540586
103,3.21932965051227
167,4.187792507775325
89,4.279478771239195
44,3.9506492766047363
11,3.7686302331298718
3,3.644065108644508
2,3.4872655963238524
5,3.4950145280682676
22,3.2901865976964495
39,3.425474858406205
7,3.425474858406205
1,3.222183982125186
1,3.1899495942898937
70,4.575415509745238
96,4.757434553220101
233,4.6174237049780285
22,3.9495604007844873
4,3.8148357002974547
2,3.3773700183064532
71,4.613830092108506
78,4.96086426121609
98,4.979982656588448
108,4.84378067497946
71,3.649229497424902
134,3.6653736883172847
91,3.2539872644302537
62,3.1697556202011095
24,5.865305382140146
34,5.916658165347797
111,5.940499148252473
56,6.161417275567201
6,2.909238087693493
223,4.198377951223711
76,3.880505232599019
53,4.149532690928387
14,3.578126926633014
101,3.6325079082701146
99,3.773548998302557
213,4.764373703130981
145,4.311677551146832
33,3.8278759859901847
13,3.792667393674916
10,3.964643382039248
256,4.875007847126602
77,4.0490277530902885
241,3.9805309070440322
71,4.501020199855255
75,4.697239471532897
79,4.688359710908335
235,4.420461227241761
150,4.358151668024344
10,3.6834262339716166
157,3.5421515041537965
90,4.606287283132357
225,4.06644780938075
88,3.7718506592206613
1,3.0297447719590367
151,3.730773972905816
78,4.31699406874602
23,3.8729084296733975
12,3.6747991892556238
8,3.6637258923547202
86,4.3567099948300445
125,4.859575961409577
313,4.775988790366634
210,4.140629121721419
174,5.297445200023461
190,5.102310164085664
149,4.947338093563476
86,4.877600990046798
76,4.964480302184729
25,5.1070170593609445
3,5.228089158066562
10,4.7613455047015325
13,4.4535158411873725
76,4.734182010857719
267,5.100164060497052
304,5.239045934076329
217,5.104105979825735
154,4.976297403147363
93,4.777103926989745
40,4.373915328396065
14,3.7249373777926102
37,3.8999415645863906
136,4.317624703892535
228,4.491250342436784
226,4.821325332625175
67,4.431153993622004
49,4.313038311377651
38,4.337227600741488
24,4.276565837486636
13,4.238200168416879
79,4.148396596915197
81,4.018760578438355
107,4.755052365649876
91,3.477443823564793
11,3.6342433358854485
1,3.369721357107486
5,3.7558342558908366
12,3.5902537158180428
60,3.5385526261512315
178,4.525434155436723
86,4.6223887467466875
106,4.876822931491167
134,4.955222687651495
165,4.8907539119809105
87,4.584616783352267
70,4.412586801038463
182,3.60611087097868
75,3.673607845078713
87,3.4845739449227646
84,3.4714579524598306
159,3.850205833885586
75,3.8777373083148574
22,3.314407012335087
6,3.0582262987556184
94,3.8825573406151177
214,4.101612418203719
33,3.67042751783047
5,3.2328453149483325
32,3.297314090618917
104,3.813179528770246
237,4.033318842098692
68,4.061297323969315
138,4.555303204050583
122,4.833459996591249
150,4.909915790061972
43,4.667468623117631
39,4.591926550546143
6,4.25480633383252
66,4.206427755104846
63,4.603434304953196
41,4.505916153420509
14,3.7824619799635952
6,3.568208548653439
54,3.918961982516976
86,4.0835104265820465
143,4.703363100743138
30,4.403677268572857
8,4.091300713383257
121,4.613786108616206
69,4.585091339700963
57,4.800992566973685
83,5.02826325787435
72,4.9956805635798975
132,5.040932211005699
16,4.761278495107011
4,4.589248512793207
3,4.589248512793207
287,4.543083144468172
106,4.956431319063522
86,5.056108687049373
132,5.072037624178194
55,4.2405752047464755
80,4.5238028912786215
116,3.1740643894383176
27,3.087100713506764
24,3.1871803819012507
12,3.219414769736543
5,3.1710361910088682
192,2.9041679491326655
168,3.3979585754503727
7,3.2223889742165195
28,3.1871803819012507
206,3.295253009035071
136,4.417891334815319
32,4.01122959422228
21,3.4476497246557734
9,3.5944601758153696
55,3.7162841376030302
87,4.039692577569498
137,3.547614128373372
148,4.451590421947132
39,3.895274982648445
11,3.8950597288848847
3,3.6568862559239252
5,3.860066390333177
33,3.8439221994407946
33,4.171837973176019
303,5.310797683464097
36,4.678645859084236
7,4.191883927487297
46,4.363913909801102
339,4.669234196185581
90,5.168212237385903
123,6.2246524805664185
143,6.296602794485737
366,6.277484399113377
386,6.277832705572537
278,6.068086608031139
48,5.300195775175233
15,5.208428598747884
5,4.420390982946599
4,4.420390982946599
2,4.130460572152003
134,3.8743338525220072
68,4.722863314740639
267,4.844400240796553
160,4.609899439451243
89,4.601039352952978
26,4.290996479036181
165,4.507310393927077
117,5.324331668592701
356,5.3888004442632855
102,4.910884761124928
84,4.910884761124928
40,4.918929859596382
6,3.655869852173238
160,3.7398053296753413
160,5.252050836232935
213,5.274026915194134
203,4.246264909124398
108,4.296237289865164
81,3.909953876241204
9,3.4170769708227318
35,3.363681492053051
185,3.8072483098259013
62,3.4086817116747636
17,3.5040102769101353
5,3.295857981381829
133,3.506984481390112
177,3.724266111129717
57,3.585554752391049
37,3.6096900478054135
10,3.1944696924886444
55,3.402621988016951
81,3.426757283431315
230,3.6862623621672723
281,4.225870050350855
92,3.8295975755658342
9,3.5258224022924676
13,3.477443823564793
96,4.194267054727441
452,5.575828512999109
383,5.373562099489092
284,5.405796487324384
92,4.779456908777274
106,4.643037819187372
103,3.8528857258558733
2,3.4553493694951065
164,3.504372421408982
61,3.8045071471281986
309,4.239465306206873
117,4.064245865649533
99,4.080336062592442
62,3.8922158833357297
337,4.299445134130518
27,3.896086365013102
3,3.3984078133161844
47,3.3731882821619767
163,4.68183171166562
243,4.681016723638809
331,4.480398106091356
10,4.012681212544479
29,3.5261384846901285
31,3.8149037467814018
58,3.95788879950345
63,4.4316473095495645
78,4.4316473095495645
33,4.185159490404115
71,3.939353606589877
14,3.508301758912229
7,3.7135429749053266
3,3.8764436230078325
8,4.160236723980051
343,5.32373588430848
277,5.582327242145203
83,5.009867611954134
70,5.03994278333626
19,4.673472282241305
16,4.03201147781424
7,4.162677738081454
16,3.7374143276541516
168,4.182826375244184
184,4.970004264095706
176,5.28587902608132
46,4.527047599685879
5,4.126671945758087
33,3.550656164842506
197,4.9017475521325835
145,5.400609072441768
145,5.994425373204489
255,5.994425373204489
172,5.55507885346865
75,4.589902931107307
177,5.195492850123958
228,5.252946769113458
452,5.431722360395312
33,4.056943973236703
24,4.324377629552979
2,4.348566918916816
49,4.289169037237711
80,3.8398310041203554
75,3.5845996193677787
55,3.392591514731854
17,3.3281227390612695
129,3.734640940894947
232,3.8373465073102486
397,4.561302970262471
426,4.5048792930633414
383,4.529068582427178
283,4.140841206113613
135,4.257011071451009
54,3.807738017495772
72,3.807738017495772
317,4.787390692550868
105,4.475886503203707
10,3.4696857608250835
62,4.252071134393455
26,4.094241380282428
21,3.8880330474437264
6,4.053907900026208
16,3.871888856551344
120,4.73296102201179
291,5.139276551907342
528,4.937225392160885
148,4.2405489439436135
17,4.1566134664415095
5,3.9745944229666454
150,4.4141745824878615
521,4.6155794148307665
412,4.6155794148307665
129,4.233803334975563
78,4.249893531918473
86,4.619002512859679
107,4.454802375253768
142,4.2321555390129975
163,4.71687082506888
270,4.338632509916373
153,4.9472941100711765
6,4.568939274027535
25,4.673472282241305
156,5.193781929216625
223,5.272181685376953
252,5.317996893025475
299,5.246611993546232
195,4.601173661862827
74,4.642289906084357
17,4.607027319819615
321,5.098525676988556
224,4.3009098334270375
332,4.561148987226325
178,3.877410739853435
62,3.534565967899596
130,4.390782493132122
187,4.557741581454448
181,4.609094364662099
232,4.453556879699838
125,4.397133202500709
459,4.186221956255986
217,5.182063561126416
271,5.335441829635511
290,4.853368973404909
113,4.895063213891948
7,4.174466724023873
4,4.174466724023873
79,3.5326023629739267
40,3.516458172081544
150,4.143559342709096
57,4.073088164129086
27,3.952410965022932
271,4.245064152493416
520,5.559647457964822
361,5.423793782814993
165,4.966125469711789
115,4.862506182397253
16,4.0599721716661525
82,3.5040425009716363
58,3.710801812207623
52,3.7027567137361683
218,4.978018992723014
436,5.497942871094162
378,5.403398924041451
354,5.283689439784005
289,5.329854808109041
182,4.945784604887721
120,4.9296404139953385
31,4.066794800685896
6,3.8219007835535406
23,3.873253566761191
358,4.978950501640959
385,5.113773935000416
239,4.484246154424017
8,3.3213427783798113
237,4.371161808264458
174,5.400106782946462
304,5.419225178318821
524,5.408151881417917
239,4.858851298800316
116,4.254597043327597
61,4.203244260119946
18,4.234179158451835
2,4.243236710694948
425,4.7717245088373215
611,5.428998985716321
150,4.602374418493807
3,4.406424394529199
2,3.769531596595203
203,4.174199330528192
141,4.46183561795667
179,5.219932969288779
289,5.323552256603316
259,5.119557134167253
274,5.094552856776605
273,4.434618130163384
146,4.187315322991124
44,3.7665573921152267
15,3.4260910403571425
29,3.342503869314199
297,3.6020089480501563
218,5.027789957739902
276,4.620910867621628
20,3.902877748832705
146,4.019047614170101
102,3.8916734949978755
82,3.8916734949978755
11,3.875583298054966
100,3.762091470470507
272,4.077966232456121
26,3.9698936053223006
39,3.556913379422176
13,3.556913379422176
14,3.729506921958702
231,4.044138042607736
69,3.926587774803457
13,3.366980194409782
193,5.061306015169654
177,3.9682780334212353
4,3.9474290749054814
22,3.89607629169783
153,4.374905695735422
210,4.678634034324162
349,4.522478995189707
283,4.19391874826828
56,3.9880587218887396
6,3.8799860947549205
9,3.9202655810616673
9,3.490846851759472
23,3.7426551384831352
138,4.368240999730851
167,4.287279726708723
294,4.385711599140644
4,3.267248832474457
257,3.434771481019503
487,3.7997232888684658
547,4.13624957551522
410,4.641856704792456
209,4.175498820031596
48,3.4210741403151363
25,3.2158960492668056
5,3.369721357107486
319,4.00832447794571
234,4.378463700677287
330,5.008456308603984
220,4.521233499635775
152,4.12690498754036
98,4.09823198851309
19,3.864860161830576
5,3.6567078663022685
126,4.532839986915253
225,4.707844173709033
493,5.106875599210468
462,5.340247425892984
506,5.528582858913257
444,5.67482789563278
444,5.545075356264801
248,4.716704260207298
12,3.389390730877129
18,3.6539667036045658
189,4.564061920978887
373,5.209796419389331
455,5.239404909203807
316,4.84472623643188
331,5.024237756994417
273,4.94327648397229
306,5.137497799010852
358,4.940302279492313
65,4.227750888095692
11,3.6942765597554605
236,3.802053020162241
167,4.009857009231387
204,5.374242180602949
187,5.274780066380657
429,5.109370041148474
310,4.243228835913902
10,3.9530831713557446
434,4.424215783381044
564,4.720875271339226
189,4.301381222039075
234,4.743819065149132
135,4.899704856570553
140,5.263742943520282
340,4.939984342877301
236,4.612068569142076
174,4.67653734481266
86,4.456182777720654
45,4.456182777720654
16,4.456182777720654
98,3.739913975785432
216,4.756137857603968
197,5.547769086274775
69,4.72789012802031
12,4.692466281941481
81,4.53658049052006
153,5.295162343328764
356,5.5234632760198
419,5.487904523028019
141,4.22281095103814
127,3.910125647296061
94,3.980914762491083
48,3.8049968547980693
15,3.9779405580111074
4,3.994030754954017
102,4.377187237276104
382,5.224113168483243
66,4.099764519798769
30,4.264258969914366
319,4.513774987489262
45,3.80876465362399
18,3.80876465362399
16,3.8685648357117293
269,5.271018137204752
321,5.263788026760107
366,5.553583530641752
350,5.623938188330625
109,4.377953536400935
235,4.879789261190097
406,5.181517788922406
4,4.305304755345944
21,4.181438097996254
115,4.892671613867653
112,5.4487717994027784
145,6.129034809014634
264,4.68846123766803
42,5.696236464392229
6,5.4262578230186165
31,5.4444447094730295
304,5.693906733098453
203,6.268426846870264
185,6.200983866719703
379,6.05691457825781
68,5.400106782946462
5,4.874995489692698
6,4.906199635737619
259,5.790278121949633
212,5.866850436311491
349,5.994659012989866
558,5.996602975679471
564,5.979428542996717
391,5.867764157210727
171,4.991632036597743
59,4.746707649621239
28,4.537426379430138
125,5.105728836528961
224,5.2596166713113055
369,5.5452550021007045
456,5.959732151358849
341,6.0397797034817415
113,4.920968630356394
96,4.972884973786766
12,4.816999182365345
164,4.442004319405848
335,4.731584569523933
363,5.056938826397358
357,4.854887666650901
165,4.543116083808059
95,5.28490403445467
111,5.523077507415631
153,5.721240741782877
579,5.9415953088748825
189,4.901532298369022
32,3.9262698381884436
477,4.9886572341146636
183,5.769385680725174
183,5.975594013563875
153,4.819307143771147
23,4.304355426519052
202,5.172442448660582
90,5.750733966920466
134,5.838209063342619
155,6.101987836061957
16,4.540056984495342
6,4.596828968153631
314,4.620964263567997
168,5.524394784937746
94,5.702741156796961
118,5.982278351804512
118,6.069753448226665
200,6.2204518247654725
23,5.100025453173615
28,4.393013491553474
267,4.828436477982446
207,5.727574919346999
189,5.711484722404089
285,5.451281176532458
250,5.035675052611518
146,4.651604849390197
77,4.500095434803607
143,5.207968977590861
264,5.191878780647952
394,5.791796217192522
286,5.136018663671544
275,4.6680129829481185
28,4.18945282662356
10,4.131998907634061
92,4.582383116343147
182,4.842801915978338
315,5.497881002363641
360,5.392317752359501
16,4.5045613564483284
328,4.81592938266829
118,5.397249099357622
326,5.704165041972547
218,5.356915619101402
31,5.012909648423268
2,4.929591725093358
26,4.748486402517728
113,4.732342211625346
365,4.952696778717352
330,5.427386797681413
188,4.69023528352013
14,4.51523109672635
1,4.2918483312048945
4,4.438658782364492
312,5.966429071424921
330,5.281544061370525
107,4.854981161439817
5,4.773607200799512
25,4.620910867621628
388,4.574180084856519
261,4.7623002641132315
150,5.077315299149085
151,5.338764340574647
151,4.440305980323953
24,3.8346375686740464
13,3.421307182097409
97,3.629459477625716
170,5.034474295980537
204,5.081025432909744
232,4.30942632051053
178,4.143497473978576
104,4.083620328906386
53,3.959753671556695
7,4.14177271503156
57,4.396305632648463
244,5.05208318616944
327,5.232973254981509
334,5.840174795920197
188,5.240551671885315
183,5.015395458514863
76,4.982130828889201
19,4.491314407051469
71,4.579972472085891
244,5.094708935574427
363,5.402323345325025
26,4.262347231286261
219,4.403449592046119
162,4.6094426711212595
205,4.8211345855696175
538,4.988308927655502
431,4.764980156083521
33,4.453397631530648
2,4.555071101938228
25,4.240738002233584
115,4.240738002233584
309,4.01142461577089
171,4.425436937678738
170,5.409076270985466
335,5.444338857250208
572,5.210053309668458
425,5.014451592163012
7,4.539959007053568
11,4.2854260894366645
23,4.128626577116009
219,4.68402829551546
188,5.5605087225876035
258,5.668285182994384
342,5.759531683904612
105,4.832432548688147
4,4.846928943617965
400,5.023975825973776
28,4.514095002713159
91,4.409292746786355
231,5.163502172739254
201,5.946971782047468
229,5.843352494732931
452,5.956844322317392
385,5.786812296642666
288,5.57255886533251
172,5.29690959570417
29,5.15657221089091
302,5.6594381774704425
331,5.684442454861091
392,5.6060426987007625
307,5.691672565305734
375,5.6294170000377886
20,4.750041427231796
443,5.809222833110015
421,5.837917602025257
170,5.3648713971545
202,5.390090928308709
604,5.346434937113353
591,5.378454071185084
396,5.144383777366895
21,4.467445132911529
246,4.881922282169674
157,5.6734369899493435
166,5.9479032909654155
504,5.821491082445519
299,5.561521176359263
296,5.090988298597215
231,6.232493591945731
54,5.287834255442346
169,5.81683347407532
232,6.004953653332033
323,6.2583575962861415
323,5.749390493924759
243,5.151066859393282
492,5.599605838285187
427,6.472395773832737
422,6.3750928760636105
318,6.265372452967225
269,5.68319300932813
218,5.5372962790677684
140,5.377307308503576
115,5.4480964236985985
14,4.51991305274229
45,4.826613741593655
284,5.810522322613419
154,5.472617487717134
69,5.2683531175680365
264,5.145902470612889
404,5.555192204988417
376,5.814912537487936
162,4.710827790643076
119,4.202950449354679
16,4.086430423340771
86,4.60025316593007
238,4.968796732431203
447,5.440342032074678
408,5.532324462265589
408,5.710455580361243
436,5.532324462265589
375,5.6073998532694285
457,5.13272762232408
55,5.114710906393402
39,4.966306653220713
13,4.620356719852974
203,5.849354897642358
545,5.7709551414820295
368,5.395960278522534
312,4.7115400958184335
189,4.881105439925511
140,5.054515824706199
163,5.1909349142961005
185,5.08640190608233
596,5.392986074042557
563,5.247089343782196
35,4.2524932344657
4,4.054383994047925
4,4.185050254315138
32,4.185050254315138
166,6.0848859407780385
562,5.9793226907738966
182,5.179646363631637
129,4.935102507175793
47,5.042878967582573
27,4.62964731387836
457,4.97918900589827
241,5.21061686989118
138,5.191498474518823
213,5.202571771419725
132,4.862256292266186
167,4.654103996737879
316,4.38515745137199
204,4.589931387794334
55,4.288073757345454
38,4.577133331946414
247,5.419437262711014
401,6.20253889143377
306,5.484721026408408
214,5.199082695619008
140,5.319705900775688
154,5.1738631644648
113,5.157718973572417
96,4.873164878522861
169,5.105622984306141
268,5.468576835516026
367,5.895139735446732
349,6.093302969813979
372,6.1204664636577935
26,4.644492015267339
148,5.736078323821458
514,5.78154522501082
55,4.616531321415426
25,4.592396026001061
417,5.36776654288835
176,5.642546830540406
202,6.022630375510094
194,5.735692555217288
5,5.3252738461789635
121,5.284179371845407
313,5.4622564959915865
116,6.019385069099731
184,4.492879917829297
46,4.863816340568974
10,5.126062582002634
130,4.904677773120258
224,5.482055570480908
348,5.631840226120479
261,5.271690064549963
38,4.402044848322999
7,4.548801305533121
564,4.892807276211255
238,5.45889652290744
265,5.380496766747113
237,5.57255886533251
261,5.151066859393282
167,4.949015699646825
37,4.472833963518021
52,4.638708816100502
222,5.38903031667419
433,5.767214637877223
428,5.810522322613419
201,5.133798931921612
50,4.706205790200536
118,5.05021176087867
304,5.334936370768837
369,5.86511855801408
181,5.126784075240529
10,4.4576713255140294
4,4.504750414738299
138,5.630515073817317
545,5.864800621399065
51,5.042878967582573
13,5.175139029862879
19,4.847277250077125
134,4.8986300332847765
153,5.552930305683798
158,6.025604579990069
530,5.213027514148435
388,4.907357067087442
277,4.825767852683577
9,4.413351187006175
23,4.444555333051095
438,4.777389273955903
142,5.267291974894398
234,5.504551726956124
497,5.54704442366551
309,5.026206824395126
169,5.105520301454688
21,4.7531190716285865
18,4.637297512750351
117,4.637297512750351
274,4.704740492900912
106,5.650313550303533
102,5.768429232547886
147,6.0088159159114864
382,5.96853642960474
96,4.850987383837785
133,6.053153842438052
190,5.42317776631582
101,5.523988058943496
22,5.208328550721442
7,5.2856440711419275
109,5.895256256337868
132,5.846931671559667
245,6.391161360185791
145,5.566480755652882
154,5.566480755652882
60,5.338081090089421
6,5.216373649192897
35,5.466749393717556
226,5.960809267748297
243,5.790723248124098
249,6.230088153881754
195,5.846931671559667
98,5.159949971993767
50,5.168612624637417
12,4.96715724917518
135,5.140513640006396
84,5.374799187588145
107,5.6470700981105235
67,5.6470700981105235
112,4.62290170491031
198,4.534243639875888
485,4.7260364907482515
533,4.825767852683577
87,4.461729765733849
7,4.28775582073044
424,5.378669324948644
187,5.838165079850317
147,6.236282784452518
267,5.654318594576984
4,5.431849549954764
18,5.35047558931446
123,5.318241201479167
433,5.750635989478691
180,6.377422607357386
127,6.357175237322232
572,6.409441741429117
375,6.155822544711448
245,5.513277504544541
29,5.327101287977433
7,5.305125209016234
305,4.9192275639964445
456,5.075113355417866
116,5.5811062532992715
154,5.657678567661129
186,5.719934132929075
146,5.817452284461762
483,5.625444179825838
57,4.735381078723111
13,4.646723013688689
27,4.464703970213826
384,4.8665121663406214
148,6.613025432461251
163,5.803189529317322
174,5.705671377784635
42,5.452486638573116
43,5.25043547882666
114,5.463775189237579
261,6.077158778921596
305,6.434996997217051
256,6.040534176211788
206,5.936234209780291
205,5.744226105144366
254,6.186663948254422
275,6.447082747889614
293,6.934987492189032
70,5.17813685844818
26,4.393202549843445
382,5.846326699212908
129,6.416474386128914
413,5.499346524054798
137,4.8275952944820455
435,5.348648147515991
159,6.621867730940805
168,6.621867730940805
16,5.65985431591876
150,4.7250043947405285
205,5.379403400011975
167,5.516637477628687
454,5.030775428891298
245,5.708178900696961
210,5.4622564959915865
550,5.694598080883731
466,5.540656252151915
133,4.642982510083883
67,4.626892313140973
349,5.385375433077252
382,5.619660980659002
362,5.906893113461494
149,5.038509924592925
171,4.904815465896263
80,4.7534370082435995
73,4.737292817351216
6,4.556654176343237
184,4.9298215975042625
326,5.190337275794527
183,4.608006959550888
12,4.4606455299940055
349,5.372837436879828
151,5.9793226907738966
126,6.057722446934225
186,5.29525266874631
3,5.039635515389564
30,4.958261554749258
185,5.557947205725805
155,5.772997837044058
4,5.181473805430104
180,5.6290990634227756
149,6.0033954592465975
178,6.256799402200706
194,6.412685193622127
108,5.792698178660955
11,5.167157056336192
217,6.0733643483313005
571,6.104469761503797
371,5.9013343660174975
65,5.158081716074366
5,5.090584741974332
426,5.658887199073156
222,6.159710470090659
334,6.184930001244868
465,5.8784445661570635
151,5.22439572156213
84,5.351608513956283
77,5.3029337685015685
27,4.950480398943346
10,4.806231464645549
18,4.673971402365243
292,4.866365275605337
183,4.695983089254098
3,4.405837424695942
377,4.933808255755897
370,5.057459659342028
331,5.161992667555798
292,5.145902470612889
155,4.621103309777757
27,4.485849368891178
7,4.287468784998694
5,4.255234397163402
355,4.59340847977272
153,5.292788030539582
178,5.348648147515991
397,4.909882976021584
6,4.6162982796331535
150,5.499346524054798
162,5.685522740621905
376,5.561602089322743
24,4.7510229801201875
14,4.635416675005513
308,4.855555988333958
487,5.286006813643875
192,6.064522049851749
27,4.569219190408884
228,5.0720851569884156
141,5.383856739831259
173,5.6595060094596
17,4.2854260894366645
218,4.9823968501636235
222,5.255536742662285
327,5.584778924914922
8,4.253509638216386
44,4.304862421424036
133,4.773433516587536
378,5.468576835516026
375,5.760316302087276
373,5.838716058247603
248,5.282669866661951
223,4.96639095005035
74,4.850221084712954
92,4.735699015338123
231,4.917718058812988
274,4.985161038963549
374,5.598715143488175
258,4.754817410710483
181,4.751789212281032
40,4.581322729100159
21,4.541043242793411
112,5.072882356996515
6,5.04327261096779
5,4.8229180438757835
504,5.212640489330017
148,5.641614033517978
651,5.924278159827402
601,5.8922590257556715
472,5.8922590257556715
367,5.320068643277637
38,4.986051733760561
24,4.840208997449674
6,4.5958803947573905
1,4.5958803947573905
7,4.397771154339617
271,5.629314317186337
162,5.107911303475879
121,4.464703970213826
408,4.653387709693261
225,4.6094986767156305
23,4.234073306229013
8,4.1034070459618
123,5.034833869111118
489,4.914371923768526
222,4.643748809208712
190,4.68402829551546
30,4.721202620408307
76,4.737292817351216
156,4.825950882385638
205,4.980806432016688
1,4.7306084791105825
402,5.8053349077308045
186,5.055013407157117
98,4.778504410579014
284,4.904677773120258
115,5.398468399437965
207,5.612156416308047
591,5.617343831190661
28,4.18248748123909
357,4.54452761154974
196,5.91747855690988
611,5.667048818435748
298,5.199176190407924
223,4.804203205126306
143,4.809004851404752
27,4.077040752126084
196,5.738433717914992
172,5.738433717914992
21,4.492431622283464
14,4.3104125788086
7,4.1283935353337355
23,4.389726055868162
138,5.035577075169744
192,5.399615162119472
220,4.406666848765538
192,4.744571683661825
283,5.18700952677188
381,5.20309972371479
455,5.063358123185751
287,4.775158275534553
87,4.790141267702639
7,4.654853006992885
12,4.775476212149565
38,4.670943203935794
258,5.247288905288721
194,5.158900087967334
295,4.817986696877663
164,4.531434645189028
75,4.480081861981378
60,4.51231624981667
43,4.304163954288363
3,4.450974405447959
189,4.626892313140973
297,4.817986696877663
419,5.5337796862499395
410,5.313076812698773
6,4.645951852687458
308,4.748657419102758
253,4.63110715129848
114,4.221718684050526
364,4.470552421977339
89,4.470552421977339
24,4.283462484510997
291,4.223716296372729
163,4.291507582982451
6,3.9782587190176506
66,4.356907867570982
38,4.4093448865184754
24,4.283695526293268
14,4.0755432307649615
4,4.235370941515066
2,4.178947264315937
14,4.227325843043611
195,4.251461138457977
98,4.235022635055905
139,4.573491030174912
156,4.383426888228595
52,4.199463882064125
57,3.978491760799923
136,4.267605329350359
72,4.06277739897854
75,3.9979603168487956
210,4.04633889557647
148,3.994986112368819
116,4.017396648836167
83,4.1335665141735625
315,5.236118729732745
175,4.4868814648989
9,4.326023512358425
37,4.122843377949172
227,4.642767256320322
404,5.6104151255565675
483,5.559062342348916
339,5.090491247185417
45,4.613541424678414
16,3.9977272750665227
12,3.949348696338848
4,3.7976200780096705
163,5.305125209016234
189,5.467112136219506
298,5.40550104413776
4,4.131367739813712
362,4.179746318541386
425,4.291410704327378
245,4.504750414738299
144,4.488606223845917
5,4.182720523021363
8,4.124568136896189
202,4.504750414738299
176,5.670408791519893
160,4.9958611490857185
37,4.7238054923269015
20,4.739949683219284
7,4.369810460487706
189,5.025121332441033
145,4.523232211705503
115,4.343157130920245
69,4.310922743084952
26,4.243425768984919
10,4.135918556291173
6,4.11977436539879
210,4.691964747876824
179,4.950904412172708
225,4.773857529816898
167,4.3411144353582145
126,4.553154656265733
79,3.968551986543947
5,4.2540198024927385
22,4.4185682465578084
349,4.661015413502149
297,4.556482405288379
176,4.512611160329461
136,4.008831472850694
6,4.1203793377455495
12,4.136469534688459
140,4.500507621638186
289,4.9244624115667905
5,4.2714398587832
332,4.189152177243661
420,4.322792641990851
568,4.816583268308557
200,4.676841667779518
3,4.2657244916055195
22,4.118914040445924
69,4.0944285843550485
60,3.9973771143900096
264,4.387548453393181
511,4.239144200220492
253,3.7925491840181924
117,3.805315015804612
179,4.7928962684400265
408,4.606423885145879
127,4.06277739897854
41,3.9516784276326233
11,4.059803194498564
2,4.059803194498564
120,4.365688895323118
165,4.349544704430736
301,4.812014663812385
285,4.135291273120579
52,4.274245684098692
13,4.133884675180108
61,4.3984606479075445
56,4.342036970708415
99,4.017714809842712
68,4.242329232878412
460,4.649971171291378
452,4.994540702192234
449,4.814519615356448
308,4.337285867549301
347,4.817493819836423
329,4.591818785166204
186,4.567683489751839
79,4.35307989776517
29,4.225867105371018
8,4.4390902948908035
25,4.382666617691674
332,4.225867105371018
154,5.030964487181271
570,5.014820296288889
136,4.1822111141756615
10,4.198355305068044
205,4.715769806309514
530,4.563987194030865
356,4.528778601715596
114,4.379342252535186
102,4.739321899265094
87,4.2635225478743015
23,4.122463071820043
7,4.436062096461354
127,5.0236625947684415
158,5.076842819774561
195,5.163458189246954
227,5.753835458179401
81,4.353622286103024
23,4.3455771876315685
15,4.196822773782367
98,4.2612915494529515
230,5.155009534152617
67,4.805435618071205
25,4.909968626284976
8,4.8847490951307675
195,4.5373200264237195
223,4.3633460814203096
70,3.7760957437897362
7,3.8976326698456507
256,4.173630245933152
206,4.032920930555406
162,4.23947942407062
64,4.1333507596264045
4,3.968933272495258
249,4.231859595042778
120,4.247554892386224
315,4.015215161711431
204,4.090755380065568
54,4.031009191927301
9,3.9003429316600875
187,4.54145542962799
173,5.109874407617951
183,5.215437657622092
261,4.653290330254591
66,4.267006916630631
3,4.10113206404815
467,4.663064137652091
133,5.158252986345627
182,5.542439710458083
593,5.218465856051543
154,4.427864869171107
302,4.5371817356446105
457,4.5724443219093525
568,5.125749350797301
27,3.909768432598426
87,3.75296892027777
174,4.5807764561125515
305,5.312740555391219
256,5.259560330385099
465,4.892548038955395
8,3.8801817126719214
397,5.070844366844163
465,5.378728024307796
359,5.43995334778537
202,4.424411401298045
15,3.8751108186804433
21,3.8751108186804433
500,5.651465616397823
407,5.546932608184053
173,4.31896467218504
6,3.5680207555627557
44,3.5166679723551053
370,5.776555087516098
384,5.767129586577759
402,5.629331948738326
175,4.02996276264934
75,4.102824943250541
5,4.198416575795459
123,4.188777675310912
235,4.827845623499434
147,4.464022790313266
57,4.512401369040941
2,4.512401369040941
2,4.297797777054273
112,4.314238134673694
113,4.386806002765207
120,4.313941967946655
172,4.2091397120198515
109,4.2091397120198515
90,4.193049515076941
83,4.036250002756286
43,4.185004416605486
12,4.0204559725404145
6,3.96840472219709
7,3.9200801374188883
109,4.087602785963936
133,4.735283101281338
276,4.855960300387491
205,4.601990942993309
94,4.449526395383449
87,4.330730632025239
344,5.512032764421261
481,5.487028487030613
95,4.70219686127733
6,4.445070202737127
20,4.216670537173667
377,6.092801435749323
441,5.851169256831794
372,5.517152347314719
135,5.294737296641972
190,5.273791459471143
347,5.392587222829355
377,5.721416717463814
444,5.756625309779082
466,5.593080188490377
405,5.503607135429145
233,5.282222326546769
5,4.856255210900284
114,4.957760020684604
309,5.0256053012437985
208,4.981152110040344
620,4.812150326155989
5,3.6959007698924404
21,3.9718443520304674
341,3.9040530654207464
499,4.294224404423917
169,5.6995875292379
625,5.019388900785062
137,4.502026539275712
16,4.518116736218621
68,4.666520989391309
210,5.029744088314228
145,4.339062766228438
107,4.31656786596747
69,4.31656786596747
15,4.30584472974308
26,4.257233109233132
92,4.186761930653122
155,5.366681806364909
160,5.231912366954925
241,5.116090808076689
90,4.673949131693673
18,4.313852964072629
85,4.1318339205977646
222,4.725650221360485
174,5.203002344276121
198,5.373034369950847
524,5.075757327820469
70,4.556618067631982
31,4.588852455467274
57,4.039722387690281
236,4.7271689146064775
343,4.837239498379375
382,5.065639163942836
359,5.2576472685787605
12,3.6495510486871097
143,4.086004276906453
405,5.047667531251985
144,4.3416214302632
94,4.16764748525979
195,4.165949146177895
168,4.5813400163352735
198,4.925345987013408
486,4.841195255747744
129,4.120250459420508
11,4.1643013502153305
5,3.7489104800579502
98,3.863486543382254
166,5.208189759158737
198,5.654784775361037
94,4.294967610482543
299,4.285892270220717
240,4.797420889443899
157,4.41336847424129
75,4.071575713965793
4,4.139367000575515
53,4.2632336579252055
219,4.719119866155995
44,4.259471982435528
25,4.403602541624836
75,4.131546884866018
205,4.131546884866018
130,4.4785810539736035
213,5.109487382799533
215,5.0280594282097555
74,4.287601336910698
39,4.037440846149599
17,3.935286258131583
30,3.9021203613783437
22,3.589219803872706
54,3.4572559083194405
50,3.4894902961547327
11,3.696612349892668
240,4.705255960590047
213,4.9966096585571265
71,3.8553736129216416
3,3.3733508006614845
6,3.316927123462355
18,3.108774827934049
211,4.014631959252646
128,4.76719358924298
238,4.324926260973532
116,4.133427722610856
52,4.133427722610856
21,3.829871753080077
18,3.7838860305909465
117,4.565429465228267
150,5.140692785058702
186,5.154623765548447
506,4.7815103383368935
313,4.5853450606087245
92,3.627784985405964
251,3.627784985405964
172,5.170767956440829
7,3.9336706862305175
28,3.7516516427556543
99,3.9659050740658097
120,4.457868258585048
179,5.030058641063082
162,5.039187975274382
267,5.159811180431062
498,4.817803166392005
252,4.401498575335391
209,4.253657882385425
137,3.8584156493907757
95,3.9067942281184505
43,3.9745855147281715
10,4.131385027048827
23,3.792566471253307
162,4.71107476768454
197,5.151514654155518
196,5.227818318807448
89,4.692717964392624
52,4.884130284744325
31,4.633754540219666
8,4.477868748798245
141,4.5130773411135126
372,4.855954337128853
343,5.209949368968048
85,3.934687089981205
75,3.8040208297139912
256,4.643233437104374
3,3.3655387439723032
26,3.314185960764652
99,3.3790030428943965
204,4.145881421978645
48,3.6734224014359347
11,3.4219624211714326
1,3.5223382562929593
3,3.5223382562929593
129,4.24561278391397
499,5.274387243755366
182,4.015215161711431
10,3.5736910395006096
5,3.3655387439723032
4,3.3655387439723032
300,3.470985473085308
24,3.7277493891235625
436,3.7093650688145345
117,4.041384021692531
177,4.135075518573423
82,4.5625165314757075
66,4.468350040320622
238,5.056568092799904
199,4.734538201082967
109,4.750628398025876
91,4.750628398025876
54,4.1658279182423685
4,3.698341058818713
435,5.549270214258874
73,4.777320941183149
5,4.412602773119563
43,4.314170900687641
319,6.025590241166788
190,5.851966456839891
11,4.670177727205599
17,4.702412115040891
7,4.506246837312723
5,4.4740124494774305
19,4.6062725117577354
185,5.605878244338297
302,5.290979730193581
10,5.005341399404181
200,4.90418489607902
271,4.721081616864312
451,4.597430213278183
238,4.252510521700814
56,3.8634234184374865
36,3.9312147050472084
60,3.979593283774883
189,4.297564735271999
111,4.297564735271999
99,4.24621195206435
5,4.114596362970244
4,4.7228912706440696
22,4.401478933099328
110,4.892475000772961
307,4.881482616835537
58,4.403836181410213
30,4.4761348017886915
10,4.669325875036884
5,4.477962243587161
178,5.161933532742323
15,4.5952485017619145
8,4.6355819820181345
12,4.270630174169172
349,5.4483920896420415
232,5.13154961280772
208,4.891162929444121
37,4.616633503483282
12,4.485967243216068
23,4.493448781464801
229,4.465836394072051
304,4.871184209118897
306,4.922536992326548
145,4.979990911316048
3,3.827810671496233
237,3.9228213001165924
210,3.9896810778083673
33,4.048747184832776
64,3.666057384078338
121,3.846696025086319
190,3.846696025086319
111,3.9876383822463377
5,4.4354788940025704
323,3.9228213001165924
167,4.073851451310096
76,4.073851451310096
207,4.9994542611716435
173,4.747080560007907
122,4.6438114333698834
62,4.494940498629546
51,4.446561919901872
22,4.172722648370163
114,5.391848285889623
37,4.663556858226605
31,3.870313441520891
26,4.000979701788105
5,3.7332317145189684
95,3.809804028880828
134,4.3017672134000655
23,3.7549977778001153
17,3.698574100600986
17,3.4954926990641577
230,4.50829348285378
185,4.708050519234119
46,3.852632450223939
17,3.6444801546956316
42,4.090376703762258
111,4.497722475448182
240,4.875906796651215
155,4.771158534673884
139,4.647507131087754
66,4.5329310677634505
34,3.7277493891235625
277,3.75296892027777
162,5.116225116986537
150,4.984180308469793
468,5.1048035136264724
264,4.5739768531950284
17,4.188777675310912
89,4.293525937288244
202,4.962417629054803
18,4.367748878120263
22,4.425901264245438
36,3.8819046174015877
65,4.137405249867198
358,4.135757453904632
53,4.1220601132002646
1,4.055261606235907
285,3.581503096189792
110,4.243381785492619
112,5.135835888616537
376,4.744070747600273
279,4.575632523938641
190,4.575632523938641
7,4.315393370139351
97,4.0449855093431
154,5.07690468850508
154,5.07690468850508
190,4.7015780508908875
38,3.8609237703062065
1,3.448507104628803
160,4.211147397657327
204,4.481555258453579
411,5.0596315229499025
102,4.515617088087341
8,3.7224763542330774
6,3.880360102293577
26,3.698341058818713
63,3.7496938420263635
358,4.662763263880661
224,4.605524598654721
127,4.269617720397513
114,4.4371403689425595
62,3.5958685341856844
26,3.4390690218650284
216,3.8224407579506754
357,4.468229250310594
323,4.575736463004341
173,4.034651493698802
72,3.909056127423068
2,3.5223382562929593
25,3.5274091502844374
90,3.3625645394923267
404,3.3655387439723032
87,3.7895922667733304
123,3.7895922667733304
133,4.520642645152763
148,4.438354963613224
446,4.04043469286564
234,3.919793101687143
414,3.919793101687143
50,4.084341545752214
55,3.895307645596266
1,3.863073257760974
18,4.0514086907812485
33,3.795576283660941
25,3.827810671496233
30,3.9494015915016205
31,3.933257400609238
16,3.3696781290458344
21,3.6456217111838627
71,4.254965246669876
137,4.756917492350174
117,4.69244871667959
331,4.520472728315259
175,4.130301389312088
34,3.8918586686380934
14,3.8918586686380934
385,3.473726635783011
173,4.570213323488
187,4.900986780812065
189,4.900986780812065
199,4.253155592890119
66,4.088162237145371
11,4.067396045810447
73,4.086514441182806
236,4.7072986561520755
286,5.255183228375137
185,5.000533789867098
83,4.580985746617475
66,4.418998819414203
74,4.346700199035724
19,3.986550037465207
197,4.797998128644046
288,4.797998128644046
242,5.083636459433446
266,5.135902963540332
163,4.98001717211891
63,4.1726275211598916
35,3.7554092092040436
20,3.7329986727366964
21,3.2944487550058503
64,3.3508724322049797
17,3.448507104628803
92,3.397154321421152
102,4.474307359990223
124,4.782137023504381
167,4.96831324007149
267,4.6040598993582025
4,3.681878931311318
115,4.52612497054817
104,4.211147397657327
51,4.055261606235907
3,4.15528728068092
6,4.203665859408594
92,4.175884811392586
157,4.995628862734096
82,5.225362337624138
131,4.5948043152573685
243,4.906057674803544
132,4.806326312868219
128,4.986749700112639
224,4.85699716074466
365,4.889231548579952
152,4.8408529698522775
102,4.824762772909368
62,4.687965007016157
9,4.051305848867537
100,4.502352350671769
209,4.88150438672351
237,4.781424718329024
106,3.9437446422243183
32,3.7554092092040436
129,4.230296693912952
228,4.696010105487611
234,4.646601284969566
135,4.426246717877561
89,3.9374282526789077
11,3.3941801169411763
127,4.080194101658368
141,4.32776615654366
142,4.744070747600273
137,4.817399609769122
159,4.836518005141482
208,5.09299488544799
251,4.718402322897128
60,4.602232457559732
21,4.465465061510669
6,4.51357439252531
4,4.686167935061835
259,4.290011981167951
129,4.757884609195777
129,4.585908620831447
238,4.692852273302472
431,4.469738755494051
143,4.22222069455823
229,3.3083682460673525
405,3.2113149218849646
234,3.4755425881532394
61,3.8082956160945667
54,3.573859195908272
15,3.206631650715008
16,3.317793747005692
188,4.135906534189101
159,4.135906534189101
33,3.940304816683655
2,3.3896612937441786
8,3.0837234531875026
40,3.4547763968183154
104,4.0852178982939495
174,4.238129485235395
203,4.242931131513839
140,4.145197726217591
3,3.8574844758046605
4,3.8574844758046605
10,3.6901770810231755
94,4.562733974788452
68,4.171263146281878
35,4.276880390235491
91,3.9394238508850394
16,3.9603696880558665
26,4.145300409069043
16,3.597245322005373
4,4.152938345255462
18,4.072325378692496
140,4.445708053617083
153,4.4618522445094655
65,3.474172259001628
49,3.192421853591439
35,3.938522711811241
135,3.3402543274434846
69,2.9246482035225454
4,3.8495163403176593
9,4.010473025730559
43,3.95404934853143
111,4.400644364733729
117,4.591505706688147
250,4.347875571131537
169,4.336856268180107
130,3.861735143685821
131,4.017620935107242
240,3.749838972331806
96,3.5617187930750918
30,3.4471427297507886
12,3.3283469663925773
95,3.189635607653909
118,3.693630548896237
171,3.6866156922151534
292,4.413562891451814
283,4.439911397268817
242,4.138182869536508
112,4.419296078538438
44,4.204733898675806
35,4.23189739251962
1,3.7310919095208286
49,3.384524421980894
195,4.562322543384525
93,4.295533360254449
71,4.3439119389821235
52,4.1718819566683205
38,3.983761777411606
31,3.7553621118481457
7,2.8816584554013613
40,2.849424067566069
138,3.515190682248107
201,4.115727527182225
267,4.4355442084965215
105,4.325177457996583
83,4.342648057406376
12,4.38042428991969
16,4.343683166318744
53,4.192715542066903
109,4.260212516166938
151,4.409298704670835
34,3.9061634903782694
6,3.630756173241849
5,3.5954935869771076
12,3.538039667987608
85,3.4557519864480692
170,3.4396077955556867
74,4.262326649380277
73,4.413240279682645
136,4.139588966693383
115,4.067719565737544
315,3.4590211014408374
64,3.4630795416606572
46,3.7573805250937062
84,3.760569983337243
90,4.273748252740342
281,4.174133411696152
123,4.174133411696152
90,3.964852141505051
32,4.02127581870418
84,3.9747799319386963
97,3.657122467077565
5,3.335361823073662
3,3.3192176321812794
138,3.880505232599019
222,5.251574742211217
476,4.846226927164371
154,4.5092358131673205
20,3.944279491112957
130,3.1025409747884316
445,4.640453051831819
449,5.239278975858602
401,5.296050959516892
215,4.849806103991106
119,4.762043971837206
2,4.269515372877894
2,4.083339156310786
351,4.528672145154691
343,4.777103926989745
314,4.777103926989745
58,3.711821385329677
30,3.8969133661569413
3,3.830979891189837
240,3.6544965690567492
88,3.8536900452143663
190,2.848871234951432
52,2.9488987636137973
195,2.721628072713132
83,2.721628072713132
106,4.7315343429489305
240,4.763768730784223
114,3.4743602175440755
28,3.03581029981323
7,2.8760365830125973
74,2.823599564065103
99,3.0435592315576443
57,3.1972674205040836
29,3.437654103867683
3,3.2647104006546446
3,3.316063183862296
2,3.316063183862296
144,3.413814975180358
174,3.9363647515723232
67,3.703262172602842
42,3.925909008843614
12,3.751935063840204
419,3.9357281531671684
154,4.374107556057404
154,4.572270790424652
233,4.6697889419573375
332,4.567199896433173
102,4.182914439448291
4,3.681127403561108
92,3.5091514151967766
206,4.299868922968348
103,4.0564540411753
43,4.007662774829448
5,4.031852064193286
146,4.604338613398362
110,4.088356654355896
17,3.5115032036281573
8,3.2029750729783237
96,3.1838566776059656
126,3.39268905424813
193,3.9446695288360196
181,3.8401365206222495
144,3.7114142230446414
90,3.6068812148308713
28,3.5859335234426917
2,3.9915232909814566
13,3.9915232909814566
462,4.261521574591133
180,4.213142995863459
1,4.4379496465605
202,4.02234352263956
161,4.502032653626914
130,4.407542700523678
124,4.17885599922847
78,3.8559123866123
4,3.4383623000017547
86,3.470596687837047
210,3.3819386228026254
99,3.5471690021989057
111,3.7704977737708876
234,4.175549422090693
90,4.344551205975049
15,3.970721491718876
3,3.5383267037193535
97,4.169331765417708
156,4.356152455171017
13,2.765602000523502
13,2.857234270037899
25,2.7893889894787045
67,3.2046633387449472
47,3.3534177525941486
21,3.4840840128613624
4,3.269830581551205
129,3.3020649693864974
133,3.2452911315108555
199,3.0646524905028745
108,3.0485622935599648
37,2.7088300168652104
2,2.8723264492519385
42,2.8672555552604595
74,2.6736352625896274
276,2.765052278340464
120,2.808575216840221
8,3.11333194300198
2,2.8065325212781915
232,3.0649533642743054
490,3.0649533642743054
255,3.197617581180597
116,2.9246482035225454
515,3.8608766729503077
331,4.330361489013041
229,3.3205349097033956
13,3.5468740916861146
4,3.476402913106105
33,3.476402913106105
88,3.3144159859028335
236,3.4089059390060714
155,4.207238037721976
246,4.061610555174649
470,4.1129633383823
316,4.089122355477623
235,3.817281952482367
7,3.448790525713353
88,3.203332948358276
530,3.2517115270859507
224,3.557830269692778
267,4.580137499274451
251,4.312255547412342
135,4.255016882186402
86,4.251773429993393
290,4.693902524550972
241,4.683644215676877
206,4.977076217133644
85,4.672068629280667
5,4.388042486526175
7,3.8090525011306173
191,4.329890100401002
255,4.663907009918077
168,5.021145493950281
159,4.756569521222844
64,4.907537145474685
9,3.7780149199472786
198,3.8911749728770406
261,4.0011284377557
194,4.549515299474067
198,4.846226927164371
63,4.758697836792744
1,4.29406866095793
67,4.421875383418952
179,4.260006831324168
192,5.335448948985905
194,5.264064049506661
539,4.955266671143795
335,4.665740414975184
97,4.06811524757938
19,3.6014862608881355
205,3.2113149218849646
445,3.470820000620922
141,3.582369719733128
229,4.381929525984253
109,4.251773429993393
61,4.163115364958971
22,3.9691632976334406
6,4.017272628648082
88,3.4912476144950824
311,4.601566549817392
4,3.1036252105282753
90,2.8984471194799446
224,2.954870796679074
300,3.661319198076493
305,3.8897188636399527
143,4.039503519279526
64,3.6357495062457716
80,3.254653507504427
95,3.062995563545015
61,3.0871308589593793
16,3.4168740744930735
62,3.4168740744930735
50,3.9160317615293003
191,3.711821385329677
21,3.4751034236027
277,2.9129560962351984
116,3.1463279229177132
150,3.8011917555394574
141,4.536282786119997
140,4.68606744175957
171,4.880288756798132
437,4.457883029959669
291,4.422620443694927
2,3.5421515041537965
529,3.9747799319386963
129,4.311986299699307
138,4.758697836792744
276,4.837097592953072
509,4.804863205117781
20,3.3203018679211227
75,3.3245737076871515
167,3.1164214121588443
125,3.132511609101754
98,3.0163417437643574
76,3.1916783032159386
267,3.3323336246442126
158,4.07552374764568
154,4.335028826381638
238,4.417217775048752
177,3.944758754506043
16,3.8420531880907416
5,3.7375201798769706
275,3.7012273518218586
124,4.086891357056272
192,4.322261140377865
65,3.5905300828814712
90,2.97905823182556
183,3.2278401743371257
235,3.3758961210506535
124,4.009311827006263
146,3.618673806435443
48,4.138079461509927
20,4.055520678040002
27,3.7273105917950886
3,3.7415917329613455
2,3.7415917329613455
140,4.242612469723697
138,4.163083738900573
28,3.8802043588275894
23,3.9124387466628816
17,3.2985667055232435
90,4.187716085726736
118,4.6495415719221835
140,4.852622973459012
263,4.777197421778661
6,3.8053114664866916
3,4.248663030495981
513,3.3880931545308437
523,4.763768730784223
281,4.307532959880024
77,4.275298572044731
4,3.6611809072973847
25,3.431052532807879
95,3.7336947814394237
515,3.9059400175167887
138,4.177432114052884
134,4.685368974623896
178,4.061610555174649
3,3.706699948218868
20,3.5421515041537965
498,3.5905300828814712
202,3.630809569188218
44,3.7821880268408825
45,3.6012532191058617
31,3.5269566420883054
53,3.6042274235858383
289,3.3167616509979694
258,3.237897067487344
73,3.2382472281638575
34,3.097886219245271
1,2.994482185694295
16,2.9783919887513854
226,2.9461576009160932
221,4.874402874779843
102,2.8470943362722942
369,4.461175171054658
427,4.964310385347225
404,4.713020919923331
114,4.984342501618817
48,4.654598029870874
5,3.9904270714192807
14,4.08240764739284
56,3.9294960604513935
191,4.1176162397081075
255,4.168969022915759
157,4.2987215622837365
41,2.8613522295403326
15,2.8613522295403326
20,2.8613522295403326
208,3.9607597257789293
126,4.4433783223233085
98,4.193916298697884
26,4.105258233663462
3,3.5332558097278746
15,3.195350974831589
85,3.376671551170779
227,4.10993513995285
24,3.702759883107536
2,3.591212018212681
139,3.5509325319059344
177,4.380899284193882
195,5.184347015824216
239,5.124383719705039
62,4.863964920069845
42,4.639668433649156
15,4.368346851953671
560,3.1891701823005083
343,5.0866313985466824
269,4.588782332009155
222,4.40287536315508
2,3.310994144088169
244,3.6618965963389
183,3.880558628545388
31,4.08779720317446
300,3.2230701541170776
152,5.083953392683979
106,4.859441652499729
2,4.40581794157666
3,4.505843616021673
122,3.5703492216572412
210,4.6372905444925205
258,4.974165137598435
226,4.833240568457128
195,5.0122854074520165
149,4.602780419312927
85,4.434692356327806
42,4.199493087846822
5,4.091716627440042
305,4.379415441810184
353,4.722292437825524
339,4.780875331477819
287,4.76478513453491
16,3.0317518595934096
230,3.689356854912857
104,4.267648373172741
158,4.878461314999663
529,5.486129537506
3,4.157301264908867
190,4.629527243669303
287,4.880073503034571
65,4.042492159802291
104,3.4085110394066063
253,3.2244940392926646
116,3.416556137878061
10,3.4595136619377453
10,3.318804346559999
90,3.638443236255745
167,3.7223787137578492
39,3.5846975968095514
6,3.478902561237385
5,3.5225064127006216
18,3.506416215757712
109,3.2230701541170776
304,3.346936811466768
286,3.790853789916132
223,5.352452866828049
361,5.2991561209307925
525,5.176418438243899
328,4.823337127303938
254,4.6905563895065105
549,3.2923411740692106
132,4.191363094542628
194,4.3633390829069585
205,4.734212380701868
128,3.6458063993959904
160,3.472862696182952
100,3.3566928308455544
48,3.2821040370799857
94,3.5386349113359676
168,3.4254392504785476
399,5.191581076247889
467,5.295200363562425
303,5.323277578305473
76,4.863897088080688
66,4.1444854210422335
62,4.28891214695858
6,3.9193687085112248
128,4.023937324652652
130,4.091165051039653
387,4.47282461000372
179,4.435503394375589
78,4.363903241132784
25,3.7352891814556197
501,3.410401606149843
129,3.9513878425829567
130,4.169798446985358
164,4.308626326615162
136,4.486757444710816
250,4.72623040717518
54,3.730720576959447
5,3.822352846473845
108,3.8193786419938687
215,4.831265704884257
544,5.127395386330023
46,4.171833267766341
3,4.229287186755841
590,5.498214690175458
85,4.514986788272657
284,4.658652520111667
159,4.79930784153994
178,5.081524928517779
244,5.162083901131273
159,4.817862676689578
42,4.28891214695858
329,4.641017210057644
66,3.6765587990649355
218,4.250048671046375
487,5.2429338594555395
389,5.286241544191736
2,4.175218903650245
332,5.404074897748734
712,5.122789319688842
446,4.879428431845267
365,5.654737678005139
676,5.371858297932153
734,5.555006316069813
244,4.567209809670838
27,4.222173597202333
2,4.096524236977125
27,3.544365970770684
121,3.5202306753563195
220,5.210318410060467
267,5.486612152875009
782,5.599012467941682
749,5.446100881000238
330,5.2187136692084355
202,4.455374909044239
7,4.122442235267007
14,3.6589420340949874
26,3.9152036606379346
623,3.6589420340949874
265,4.958974950687102
273,5.272744490169022
169,4.115642632349484
97,3.940638445555704
57,3.7395010067084815
4,3.6414174407357205
3,3.491632785096149
296,3.482575232853035
152,3.274422937324729
100,3.3935906312474255
42,3.5020115648404064
8,3.3422378480397743
86,3.1582208479258322
218,3.350282946511229
651,4.30528150485219
690,4.811059148970036
271,4.42590471000887
211,4.165270656610118
14,3.382517334346521
11,3.2989301633035786
42,3.6554867120045733
96,3.5070824588318845
541,4.3695350267592135
459,4.409814513065961
100,3.8837894989129613
23,3.6309813402430757
15,3.4228290447147685
201,4.234492389657168
721,4.8641366911247035
3,3.687986365683638
6,3.7091474566180267
100,3.5684921351897536
170,3.7168963883624424
325,3.7766444307180596
261,4.124190020316245
284,4.091955632480953
801,4.359389288797229
188,3.8592822729341116
90,3.6511299774058052
39,3.8208843798028536
535,3.7128117526690345
293,3.837028570695236
154,4.019047614170101
361,3.4317972765395273
257,4.3373870143624425
425,4.697483181983487
32,3.783284785466395
662,3.664084867482198
318,4.5049096629074885
830,5.358116375732383
445,5.187000114317814
271,4.669289446349303
32,4.1495847717207415
249,4.0736925384727405
137,3.7967168603269896
111,3.5724203739063007
105,3.661428599617235
8,3.6342651057734208
360,3.526488645366641
414,3.753759336267306
421,3.7698495332102158
419,4.169500367101198
33,3.9424752998082417
1,3.7910428482061045
153,5.305428526983904
217,5.259961625794542
305,5.573775904199414
10,5.072351610814181
4,4.709011991000126
101,4.350805792119214
184,5.120478729847535
644,5.330628982014918
222,5.043880752685917
221,5.440386269253209
48,4.362319509784904
33,4.590503921584806
152,4.729779438549299
201,4.3035648450777515
270,4.32878437623196
242,4.600840032990778
229,4.496307024777008
223,3.980742991436226
621,4.200435265433086
125,3.8216677417712677
275,3.715136776918419
360,4.063084666925238
561,4.751096608281507
432,4.856311551826488
346,4.737632309359413
63,4.250755952633014
24,3.9549559500802687
589,4.260178101595428
268,5.244731155801393
238,5.170004071256716
66,4.9518627145673495
33,4.623946940832124
11,4.542572980191819
3,4.421680527322105
27,3.793335715357975
100,3.8726491924175375
604,4.031509188318935
219,4.915471153639813
258,5.27950924058954
558,5.4629442944589455
79,4.390064949873256
5,4.496425399885496
684,4.0688678660920745
167,5.04731978451619
258,5.258832053128642
268,5.410829919170853
390,5.410829919170853
494,5.4444447094730295
246,4.964978707030282
268,4.9705144283720575
822,5.2104540724040715
8,4.3133583266015485
5,4.3775578545590985
23,4.262005543393898
411,5.092787283708656
537,5.379455856288427
484,5.606825280061516
190,5.170917792155951
113,5.0956449672974955
69,5.151203612499369
363,5.2025563957070196
495,5.382631476492279
567,5.834530428468331
413,5.864605599850457
208,5.600943348022255
234,5.584799157129872
182,5.533446373922222
12,4.492469642517127
404,5.5025114755903335
310,5.834817464200077
276,5.867965572934603
51,5.120501755949753
16,4.830271794561961
3,5.082528974834562
5,5.255418684098128
111,5.167943587675974
331,5.099532892676706
178,5.492249216737212
281,5.617200109826746
108,5.139847986911109
67,4.789177320228404
2,3.789510316920427
2,3.738157533712777
103,3.722067336769867
384,3.722067336769867
692,4.076062368609063
319,4.080336062592442
239,4.991129747102437
744,5.819251269573203
704,5.68534155711298
282,5.307040715018812
12,4.655034565985908
302,4.466564226052682
180,4.793566278888672
163,4.939409015199561
9,3.865849589500014
1,3.9451630665595765
21,3.9451630665595765
141,4.529672241492447
224,4.659424780860425
224,5.299112137438493
656,5.435879533487556
433,5.1802623801308085
94,4.9166001283026075
55,4.845215228823363
30,4.475076006091785
330,4.743710419039043
358,5.430808639496078
463,5.543503267072439
671,5.427681708194204
212,4.951320326229497
16,4.428834930996547
635,5.36544916902848
617,5.706597456117775
616,5.741806048433043
623,5.595963312122155
479,5.555629831865935
379,5.555629831865935
6,4.012410213386644
38,4.012410213386644
133,3.7720235300230445
597,3.9908989617757418
275,5.950751938307295
522,5.763545479949816
43,5.036301737779008
30,4.940611028044789
461,5.201943548579216
400,5.4615473601875975
244,5.519699746312773
775,5.791191842848868
537,5.646208833487741
162,5.387617475651017
82,5.319260774601223
6,5.071392552988891
576,5.249817983594232
265,5.124222617318498
51,4.185037731429471
488,3.935173407395412
260,3.88684882261721
6,3.8304251454180807
406,3.720919976085256
301,4.0637969721005955
189,4.282557737179509
21,3.582890552677798
700,3.3213427783798113
237,4.02441467488862
341,4.762533903898609
287,4.381437905157264
187,4.174199330528192
88,4.162700764183675
29,3.9806817207088105
331,4.181819159556034
608,4.894020390276141
649,5.123235043866411
416,5.6187182050696345
110,3.969608423807907
40,3.910558848587962
51,3.972347732288259
79,3.972347732288259
61,3.830662169069614
53,3.830662169069614
35,3.884057647839294
1,3.6222550618710625
3,3.687072144000808
100,3.933910123822769
129,4.091389717257283
107,4.238200168416879
379,3.6578119606454913
308,4.640306385488067
162,4.659424780860425
184,5.228640958858484
224,5.383613029380671
285,5.509091874765269
73,4.781830688892622
3,3.688802707144205
106,3.7963099198379506
228,5.52741307012953
380,5.5594322042012605
201,3.850492869617331
139,3.577523491959279
464,4.259434297533699
337,4.1271202413039205
112,3.7208587053578404
35,4.631849855612684
22,4.56435288151265
19,4.770058924856046
120,4.688415716502708
236,5.010445608219644
654,5.5233546299097105
67,4.497755790272167
55,4.40002238497592
440,4.860664902559099
408,4.8467339220693555
90,4.750028904346128
102,4.08597446678567
4,3.558337264597763
6,3.318300741910677
7,3.390814616052716
584,4.857923739861397
603,5.262357834009008
587,5.632497056740585
487,5.733142139575145
375,5.314624338115894
204,4.872186495005837
48,3.952698000754679
24,3.7626338588083597
8,3.94356866654338
20,4.140531144279646
268,4.772351194004812
157,4.859880284376438
218,4.6832816975664615
3,4.035836278248684
17,4.266233900451223
349,3.9558243340534474
4,3.7349062067387204
358,3.9558243340534474
315,3.9024288552837674
245,4.205340351628345
228,4.319862421003176
729,4.417945986975936
338,4.108001845931563
173,3.9098926055137886
17,3.718178813387552
6,3.645664939245513
304,3.7534413996522935
204,4.697483181983487
522,4.95607453982021
420,4.488417165555946
4,3.891007251923703
199,4.520999859850399
440,5.4337749691950075
452,5.185172672519345
22,3.9054266838690683
575,5.048893727925903
550,5.1082916096050095
217,4.390651536198197
16,4.20600659470252
36,4.20600659470252
114,3.8916734949978755
191,4.089836729365123
414,4.305470563142163
463,4.937622387522025
102,4.146556573291292
6,4.02441467488862
23,3.5859187511072466
239,5.242957109949294
769,5.097114373638405
680,5.113204570581315
173,5.111788560186773
113,5.079554172351481
9,4.678480051288017
6,4.475515170642325
295,4.618500223364373
217,4.841882988885828
71,4.846504989328371
458,4.757498617834788
223,4.862031626048557
63,4.559952937639735
14,4.403449592046119
243,5.1594864597974865
357,5.257004611330174
705,5.095017684126903
98,4.345412470597833
3,3.7534413996522935
3,3.650387526777831
2,3.9217091084733178
247,5.344695559518992
271,5.277252579368431
374,5.11526565216516
232,4.8907539119809105
64,4.448316068870854
620,4.816340814072217
363,5.718776701579253
525,5.764028349005054
779,5.82731415606337
503,5.82731415606337
34,4.409501281860628
9,4.154153376216914
33,4.094755494537807
178,4.799672620863798
335,4.824892152018007
522,5.287747880003825
590,5.94244119778496
98,4.572904219458439
602,5.190678024016972
339,5.448686179394909
74,5.058299586628178
35,4.978381137221857
2,4.7818675530345285
65,3.9202655810616673
75,3.863841903862538
59,4.104228587226137
196,4.537144050742781
229,4.1555813704337865
304,4.142465377970854
32,3.9749427294258064
19,4.091112594763203
6,4.273131638238067
24,3.982691661170222
355,4.002160217219092
264,4.488417165555946
440,3.916925250213585
267,5.1067729163590165
330,5.139007304194308
446,5.3772347711047415
393,4.488417165555946
286,4.472326968613037
16,4.238955141930522
474,4.336455505444496
348,5.169709160743924
270,5.4030809874264385
745,4.513931607222947
255,5.059075016748304
334,5.116313681974243
350,5.526732391012569
391,5.506700274740975
812,5.526732391012569
251,4.9043721939391505
148,4.856096298062927
12,4.149082482225435
586,5.366147636164153
626,5.883330351837598
259,5.055522816002817
170,4.879488387418666
130,4.797845179065329
8,4.177545465572653
549,5.568916339169477
40,4.231123443005275
11,3.998781858113132
2,4.063600794460228
79,4.179770659797624
184,4.388953197116302
508,4.792707210150056
448,4.587933273727711
336,4.560715785934425
241,4.485227707312409
36,4.105260683233858
590,3.9749427294258064
254,4.374243402640275
222,4.55626244611514
261,4.274163734245789
47,4.274163734245789
35,4.1555813704337865
160,3.842682667145501
719,3.9682780334212353
285,4.776965319666307
295,4.235532043901607
159,4.275811530208355
185,4.665248794148195
291,5.24781400639146
798,5.263958197283843
492,5.012498217019339
167,4.441686382790836
14,4.112910882105849
340,4.154220610202968
367,5.104945474560548
116,4.281783563273632
82,4.26563937238125
64,4.108839860060594
31,4.067530131963476
10,4.278755364844183
564,5.0663999352633535
513,5.098634323098645
204,4.71936576615577
61,4.57535047164335
36,4.543116083808059
270,4.365370734316574
535,5.515852635054495
522,5.602297489686277
143,5.068324255716896
96,4.446626319848391
6,4.0919567322284784
476,4.713672456115695
525,4.920911030744768
501,5.336571148615179
383,5.190674418354819
82,4.520750630580537
33,4.425247879388766
183,4.880004514953658
237,5.442205836270632
144,4.322890619432625
208,4.865005830528534
796,5.382422185987357
217,4.595978372199166
160,4.700511380412936
507,4.669289446349303
693,4.887430803038669
220,5.635808340922752
487,5.890242525667231
16,4.922693389303411
6,4.496864564436033
694,4.1864549980382595
298,4.359398701251298
235,4.780890707190526
222,5.506556236832727
45,4.3660633972558704
73,4.1938181611785055
26,4.3860295357556565
12,4.225870050350855
210,4.521551436250789
586,5.421388344751015
89,4.568630525475058
13,4.169500367101198
12,4.2256547965872935
678,5.701410041235159
496,5.764695848293476
246,5.275760862203688
226,5.213720550699303
35,4.206218464599923
517,4.63888250031248
239,5.564252926602899
834,5.540117631188535
645,5.472620657088501
86,5.017980542414746
34,4.483211962654618
8,4.4951971262374055
5,4.126088145296198
36,4.058645165145639
184,3.874630019249048
473,5.169709160743924
850,5.064960898766593
415,4.926348272900349
113,4.6195488511765594
8,3.6862945862287733
172,3.868313629703638
668,4.257571247807573
303,4.566368626170441
315,5.246979942241456
452,5.2924468434308185
538,4.339429709924472
248,4.019397774846614
34,3.786025948164099
210,4.564541184371971
813,5.710050923990837
602,5.710050923990837
228,5.075219207640687
29,4.106756350377631
369,5.654926736295111
373,5.998932706973246
555,5.8850551107846165
89,5.176415268872531
87,4.592022614830797
569,5.755638296050362
585,6.350289258966189
593,6.328043932291957
360,6.103801439820742
316,5.6783675145528285
158,4.666767487394187
73,4.631504901129447
62,4.277509869290251
500,6.164229563290218
521,5.906023974057664
490,5.9521893423827
110,5.1082916096050095
6,4.30942632051053
144,4.127407277035666
259,5.824161561961739
831,5.855830535356957
164,5.201996944525584
239,4.286186359973586
10,4.092144690770926
40,4.124379078606218
198,4.9345455001905965
320,5.871687690517594
281,5.926463571754159
857,5.926463571754159
671,5.766474601189966
9,5.108133676589835
6,4.978381137221857
181,4.722469671355423
719,4.69347873571314
179,4.818375634853201
284,4.993164567883421
430,4.005583315248007
333,5.092510161214577
137,4.817178828201248
23,4.384784040201725
78,4.433108624979927
566,5.482999436832759
290,5.292585134209927
280,5.0869422158113
23,4.228898248780304
582,4.97712305984249
593,4.9934825044984334
390,5.065781124876912
108,4.640347199608999
9,4.243290106641316
250,4.102634785213043
121,3.9397341371105377
237,4.606414472691811
362,4.520999859850399
273,4.5049096629074885
74,4.487385069548223
161,4.322890619432625
230,4.612068569142076
272,5.104945474560548
227,5.140208060825289
334,5.3857821590715025
795,5.353547771236211
8,4.246203040393879
7,4.222067744979514
165,4.1300853147886025
643,4.553521283417435
179,6.044318663308896
672,5.992052159202011
407,5.9579725415495375
12,4.461729765733849
172,6.207408369701373
320,6.279922243843412
615,6.103789082386836
243,5.307571461201146
31,4.891266870144532
38,5.151003734448514
122,5.1026251557208395
236,5.6734369899493435
300,6.172415031149664
284,6.400814696713126
217,5.2439967641937315
12,4.577133331946414
516,5.699888178617798
602,5.917115814407931
513,6.520510342930887
425,6.335247847263013
279,5.871532392327433
127,5.381333524661896
114,5.411354702094549
8,4.743241824314273
585,6.226826913670033
178,5.401133855365465
5,4.890979834412787
43,4.6606362061597215
181,5.91889456730442
791,6.298789809414785
39,5.101523729965388
188,4.948612143023943
190,5.525076219485357
267,6.074376802102959
900,6.153806800053658
824,6.121572412218367
245,5.754290873075629
8,5.146676644518764
11,5.4434330111320195
36,5.3811774458640755
200,5.251424906496096
527,5.421456932170822
687,5.456719518435563
392,6.531247915198066
843,6.4990135273627745
297,5.689078891346418
13,5.247554769135598
351,5.286006813643875
387,6.574402873112364
705,6.600536125165807
470,6.132878750901543
398,5.430022108156295
18,5.248916785580665
10,4.998541041056006
45,5.070839661434484
163,5.219243914607173
171,6.264047300664062
188,6.2937723113696755
226,6.381247407791829
239,6.336462441933677
58,4.552647875855538
23,4.315585557648427
42,4.288073757345454
92,4.288073757345454
373,6.523655062251473
213,5.717179132191689
219,5.523988058943496
433,6.346823433659224
345,6.379057821494516
258,6.092120001201711
151,5.936234209780291
15,5.631606586335103
40,5.443271153314829
174,5.8785610870482
234,6.131965030002308
365,6.180343608729983
6,4.914953870013063
35,5.014415984235355
722,6.440196993925102
497,6.215900507504412
171,4.336778872644316
123,4.49247670552329
93,4.278438527976696
32,4.597224967500622
16,4.760125615603127
19,4.571790182582854
494,5.93794152502547
18,5.378454071185084
7,5.144168523603334
29,5.039635515389564
133,5.144168523603334
343,5.3252738461789635
276,6.400814696713126
689,6.347419217943446
503,6.304675093429969
323,5.844499257414439
131,5.516637477628687
17,5.214854955946905
7,5.102840409484401
353,5.684339772009637
331,6.395412028066949
293,6.472898063328043
418,6.276948039363435
300,5.630245826104284
71,5.216373649192897
367,6.4072515571287
360,6.789941357883136
306,6.667455103000331
287,6.454330646352972
201,6.27932645955919
147,5.596501933085536
35,5.450659196774646
21,5.127930837922037
319,6.016864964361969
376,6.25136576570728
298,6.532084075109745
175,4.557696999959043
216,5.228319254868999
266,5.38420504629042
255,5.578426361328982
242,5.527073578121332
413,5.92175225089326
631,5.362579128005735
42,4.409292746786355
190,5.247089343782196
242,6.012255545744863
265,5.9147373942121755
414,5.027915891085107
90,4.4173899849899305
14,4.128626577116009
185,4.201140451258048
328,4.863367447020035
195,5.228319254868999
273,5.972539619660838
10,4.707715295383991
209,6.072450627432066
318,5.415759353011855
211,5.512810822976891
59,5.318589507938328
9,5.0792330663651
11,5.02788028315745
34,5.206925122152337
380,5.313518613946849
369,5.988414562840186
389,5.529367701487451
263,5.53525358350574
5,4.790141267702639
560,5.58742659282371
431,4.583871664136523
269,4.605032755070911
225,4.719554824445741
211,4.623469215112059
115,4.506949189098151
9,4.374635132868373
495,6.139584859030152
294,4.803141995488684
483,4.878948077689697
348,5.230999146839287
186,5.323446404380494
182,5.703843935986166
212,6.029546499318752
7,5.039635515389564
526,4.998092147507069
320,5.873194026329682
221,6.468042423100125
381,6.5042187302641015
6,4.903083373104062
297,5.453198943748474
202,6.279008522944178
224,5.123437940196067
516,5.31493462434139
66,5.034833869111118
318,5.516170796061038
216,5.484403089793394
254,5.812264869579147
332,4.5493017408110745
68,4.5493017408110745
34,4.460697669726126
11,4.2524932344657
36,4.352572902860185
229,4.73434898271539
436,4.681617651258205
715,4.521789940508101
622,4.760931128317767
135,4.45499143354374
72,4.558014936574055
37,4.324643109891539
268,4.440812975228937
354,4.5745074339256
238,4.32767130832099
180,4.295436920485697
122,4.295436920485697
38,4.421032286761432
379,4.758937121657718
515,5.145902470612889
191,4.850221084712954
27,4.284727622300991
2,4.213861544121516
8,4.237996839535882
421,4.485865061148214
738,4.651793907680167
345,4.966073013435338
240,5.678972711291118
847,5.630245826104284
403,5.230999146839287
209,5.195736560574546
16,4.425436937678738
6,4.425436937678738
244,5.820013801323562
869,5.683695298823436
269,5.123437940196067
192,5.372837436879828
12,5.083955653897418
12,4.928069862475997
59,4.844482691433054
190,4.860572888375963
507,5.376492320476767
913,6.055177461876888
698,5.972719265496742
4,4.676726403102631
729,4.927836222690619
344,5.019253238441458
271,5.915167901739298
26,4.616531321415426
410,4.935317760939354
676,5.086186652318768
299,5.8808908183419755
314,5.892877836142114
499,5.8606434483068215
516,5.662480213939576
260,5.328517298371972
50,4.906429508148523
487,6.191851363137037
481,6.016847176343257
208,4.455946566567013
40,4.910416166400159
511,5.573379091442829
148,4.906429508148523
19,4.6746837075406
8,4.62333092433295
5,4.336778872644316
322,4.935317760939354
150,4.7794319695179315
38,4.5651785382077765
21,4.409292746786355
6,4.38515745137199
227,4.935102507175793
260,5.5811062532992715
144,5.214854955946905
352,4.597412926043068
47,4.581322729100159
487,4.4741098289161
284,5.641202602114051
295,5.803189529317322
513,5.075113355417866
42,4.549088341264866
270,5.443523869223398
71,4.935317760939354
421,4.73110738473973
396,5.159048832919969
345,6.060400484687161
331,6.122656049955106
84,4.608006959550888
470,5.998875543652405
547,6.238231985225633
527,6.2050838764911065
450,6.334836415859085
490,6.196008536229281
269,5.261724029491123
222,5.269769127962578
14,4.933808255755897
19,4.933808255755897
68,5.009350328327386
108,5.28591331885496
491,6.143957285885956
523,6.241475437418643
526,6.34509472473318
208,4.72258302287519
605,4.660187312610782
285,5.541175073451684
858,5.845197724550113
640,5.376841883150174
6,4.413351187006175
36,4.600441124472516
705,4.984044646126189
261,5.830701329620296
814,5.347169012176683
138,4.595370230481038
6,4.413351187006175
43,4.436160073903128
173,4.618179117377992
136,4.903083373104062
67,4.830784752725583
28,4.616531321415426
14,4.461729765733849
475,4.618179117377992
281,6.004326968164545
417,6.137152444884923
811,5.967683979432919
259,4.939706719599623
85,4.958261554749258
20,4.763341772575022
33,4.798817758385974
133,4.4173899849899305
193,4.2364030375227895
251,4.797518268882568
286,5.123437940196067
192,4.983696339667029
23,4.346789703693348
271,4.668202041238091
407,5.158803209312261
499,5.145902470612889
546,5.438555658083373
562,5.887094636975277
128,4.455596405890501
120,4.806231464645549
113,4.508042555833288
328,5.4351956849992265
577,5.860575616317665
9,4.707715295383991
818,6.0131692666440975
290,5.039850769153124
60,4.795576160410314
179,4.501327316709386
618,4.34452780438873
286,5.711557259802923
458,5.913823673312942
812,5.4071304540785095
854,5.2954679225098715
189,4.983481085903467
492,4.92356252870724
233,5.2605536427042905
851,5.4270479036763195
848,5.499346524054798
76,4.702644401392513
21,4.546758609971091
15,4.756039880162193
5,4.6162982796331535
37,4.402044848322999
165,4.402044848322999
464,4.772184071054576
199,5.529367701487451
343,6.059334634969133
514,5.765651205708277
226,5.253772425808583
88,5.156254274275898
19,4.984224291962094
157,4.4372534406382655
488,6.48970454731557
669,6.17674999586046
491,5.5996414462128445
121,4.6386582729811705
92,4.338394444545382
30,4.2789444231341545
13,4.687087394828176
27,4.3744020910860995
64,4.3744020910860995
189,4.859063383192508
292,5.031093365506312
536,5.397890403172456
488,5.591995197319882
187,5.1354111199565216
131,4.826613741593655
41,4.859411689651669
162,4.661068809448519
149,4.849887455840906
377,4.659475007435425
46,4.682364807295858
10,4.271378588055785
161,4.502070522768012
282,5.084303960356579
878,5.5315809118900905
280,4.546758609971091
232,4.416092349703877
8,4.187791417012841
225,5.062794562963029
312,5.378454071185084
266,5.643030043912519
316,5.580720484695101
460,5.627153246515818
783,5.627153246515818
281,4.546758609971091
481,4.398621750294083
707,4.7365265851903695
412,4.895386581091767
465,5.596864675587484
941,5.577746280215125
198,5.13565674356423
151,4.350243171566409
744,4.688148006462695
262,5.6243764758904575
338,5.746649331227055
515,5.696890350032497
363,5.1469452942286935
115,4.940956165132582
79,4.807315700385392
30,4.691709395270718
288,5.094083005837588
457,5.379721336626988
584,5.7613808955910555
182,4.498268748435789
53,4.45256820746105
16,4.420333819625759
34,4.304163954288363
385,5.266794923482602
173,4.5848822636908295
211,4.288073757345454
433,4.336778872644316
699,4.38515745137199
845,5.784071133944963
161,4.518099448983506
4,4.2524932344657
269,4.509372415180841
693,4.457105911073956
204,5.227970948409838
297,5.737905765619928
317,6.189302428100673
864,6.160194971567254
597,5.623911648540162
216,5.197348748609453
10,4.564945496425503
178,5.494159109172182
870,6.020184123325181
812,5.70231140470049
157,5.0162434260338244
17,4.49540582676344
8,4.49540582676344
82,4.476789720886388
108,4.333454507487827
368,6.542437732990106
356,5.657292799056961
79,4.869339480085314
22,4.56345377926076
492,5.735830845996397
563,6.209589356042512
84,4.250768475518683
22,4.250768475518683
15,4.366938340856079
232,4.600310167538593
493,5.077543915345741
355,5.1530319939677565
474,4.952711397364697
292,4.721202620408307
166,4.763774375863821
11,4.097503720241675
500,4.871960516229728
184,4.599339445030836
29,4.666503702156193
38,4.296149225661056
172,4.4039256860678355
493,4.4039256860678355
172,4.97918900589827
198,5.151218988212076
287,5.08640190608233
179,5.03504912287468
13,4.518099448983506
40,4.821359251787243
211,5.509622620947603
245,5.089376110562306
430,5.070257715189947
839,4.907357067087442
412,4.553362035248248
219,4.595370230481038
65,4.5778996310712445
200,4.5778996310712445
482,4.5859447295427
646,4.77635717794818
123,4.354166704873277
62,4.73434898271539
137,4.832432548688147
217,4.217284642150431
8,4.1034070459618
296,5.214854955946905
772,5.449409751241686
299,4.795576160410314
15,4.373254730401488
82,4.403895316223689
626,5.870305972896695
512,4.389460192021286
114,4.357225804185994
167,4.507010459825566
133,4.668317305914979
124,4.633054719650238
585,5.485347711575897
560,5.772813484163766
496,5.772813484163766
189,5.227670074638407
17,4.823133297639345
390,5.411198623296728
44,4.15909539188335
596,4.269846056770107
358,5.071251092838413
326,5.9332369791980915
216,4.632970422820601
48,4.261800958298652
328,4.751766186178813
205,4.881518725546791
635,5.252571669177604
470,4.986051733760561
57,4.389726055868162
11,3.9773093901907597
57,3.9773093901907597
297,5.463752163135359
283,5.5109477732507655
274,5.7132141867607835
491,5.689078891346418
674,4.828338500540672
251,4.6210999259116
30,4.341347477140488
347,4.569567496868044
371,5.688728730669906
579,5.156254274275898
195,4.4131181452239
109,4.514842158750812
729,5.888983349501162
478,5.491117072703049
296,5.017358562656936
48,4.388744502979771
8,4.284211494766001
35,4.284211494766001
296,4.875735526379955
694,5.5424698559107
557,5.5424698559107
596,5.464070099750373
94,4.547873746594202
7,4.131134698031439
45,3.9491156545565755
332,5.008977141548651
842,4.992886944605742
5,4.232342743085617
6,4.215904239683546
672,4.751103326970796
88,4.862256292266186
114,5.105152352759463
338,4.389142255406274
78,4.317077274813171
3,4.818679957820059
5,4.7531269464096315
545,4.620866884129327
797,4.7253998923430975
362,4.766709620440214
192,4.994894032240115
247,5.365033254971692
286,5.547052298446555
58,4.448621648051962
18,4.1671404903548055
11,4.15909539188335
56,3.985121446879942
170,3.9286977696808125
190,4.963743880144666
298,5.330971425337931
457,5.314881228395022
12,4.131134698031439
49,3.952089859036551
503,4.134108902511416
321,5.137135878903538
412,5.358520687785914
805,5.048693067632677
295,4.548801305533121
186,4.6213691736246325
15,4.30393091250609
77,4.469805765088571
626,5.316731696295712
654,5.732122566453091
646,5.62655931644895
598,5.472617487717134
6,4.821310561250554
57,4.805220364307645
175,5.033620029871106
276,5.173415624349617
702,5.681253752048204
413,5.371309611003831
8,4.697689527508573
328,5.0552781722172915
303,5.783139092353187
853,5.482539539283672
432,5.00695358743909
64,4.493130844849789
5,4.24561278391397
556,4.196535738050622
805,4.56057382500035
218,5.47391249456768
305,5.526295519565701
293,5.827047799457113
495,5.810903608564731
822,5.667004834943447
40,4.952161174398061
29,4.968305365290443
182,4.557832662302646
468,5.851470130603223
953,5.78111547291435
627,5.4490965200363535
115,4.729629004831073
66,4.29445744620619
794,4.759140615990478
472,5.6007442254020505
559,5.042780990140801
253,4.790674682472745
17,4.536141764855842
138,4.12018733447574
705,4.394188808141515
361,4.981903973122387
502,5.599328215007511
508,5.6288827108725155
15,4.787248731616793
594,5.385572366148271
315,5.047667531251985
292,5.015433143416693
196,4.835412056580906
591,5.582821879616283
680,5.726720653237566
612,5.702531363873728
18,4.140166054800965
483,4.180445541107713
340,4.779234002989487
516,4.756344203129053
105,4.580891122786337
31,4.620607048870362
2,4.521144934648069
154,4.403827708626062
163,4.51999757396346
715,4.555260160228201
395,4.342036970708415
289,4.3984606479075445
52,4.342036970708415
34,4.282290782570147
177,4.247028196305408
358,5.114899964683374
593,5.072972682414062
241,4.735067847517778
25,4.225867105371018
133,4.3904155494360895
177,4.688552318516229
214,5.114899964683374
325,5.564918078914589
497,5.513565295706938
155,5.099786613584467
11,4.348551392111544
428,4.196822773782367
384,4.995253605370697
260,5.257732888586631
304,5.621986229299918
267,4.832568211031752
191,4.402551843227983
84,4.4237129341623715
495,5.351492748495797
341,4.961106155729066
215,4.7568417855799705
185,4.627089246211992
74,4.575736463004341
23,4.9845595158122205
62,4.677409933411919
86,4.521524141990499
185,4.593474455909814
157,4.282436948130304
114,4.101798307122323
37,3.5314948857253707
10,3.6560600102107346
19,3.851195046148532
397,4.1493839549607925
151,4.12142326110888
7,3.9943662031956766
784,4.613574404170565
8,3.9718443520304674
271,5.558198132746297
319,5.558198132746297
844,5.336463163187408
566,5.64050363419478
269,5.118716706097504
3,4.985604193645379
159,4.68063221372006
326,5.21460359347209
35,3.8302219137565907
371,5.695064261667784
15,4.2628181174799895
11,4.20536419849049
11,4.32598740364717
637,5.623512797326957
255,4.709314400809866
204,4.661151075845753
111,4.35365318698629
66,4.1343828556341276
12,4.264350648765667
51,4.101450000663162
132,4.267324853245643
568,5.946161499430336
581,5.778073436445217
336,4.9313180200786855
29,5.1167096184631315
4,4.757589698682985
476,4.979942222414068
239,4.421117405985704
206,4.944913275934705
81,4.629898240898852
48,4.718556305933274
346,5.466664596104322
446,5.494741810847371
199,4.145881421978645
17,3.96386237850378
817,4.131385027048827
310,5.268966189087374
329,4.117222260991059
215,3.992657136505695
153,3.965493642661882
508,3.9413043532980447
788,5.0331224474201885
387,4.8882559589501975
229,4.412670007105615
10,4.177255484861071
467,4.076879649739544
389,4.076879649739544
252,4.450558491391172
332,4.935273777447054
375,4.779387986025632
365,5.211782774025155
425,5.188774599056235
206,4.245845825696243
78,4.2190002684674415
29,4.1837376822027
612,5.193564261512347
703,5.337247781370069
731,5.585563042313987
345,5.225412880743469
202,4.898464821856951
132,4.540527870689073
10,4.344362592960903
56,4.451869805654651
143,4.3725563285950875
675,5.58972021540623
623,5.745606006827652
591,5.585563042313987
491,5.498033951942359
266,5.3199568277961795
166,4.800946670324264
11,4.145881421978645
7,4.225194899038207
728,4.353119996607717
211,5.533892322491323
296,5.9483694717494675
922,5.7602492924927535
183,4.084987873155767
7,3.8768355776274603
7,4.096858370064769
158,3.9067942281184505
46,4.501462979052989
53,4.115179565429029
526,4.006758631836048
306,5.257732888586631
441,5.1366430018623
238,5.031025757908687
28,4.686456227007829
18,4.348551392111544
8,4.198416575795459
779,4.3452270269550555
225,4.380435619270323
886,4.8003338231964605
542,4.296500141768219
271,4.198416575795459
13,4.214560766687842
5,4.214560766687842
734,4.2497693590031105
403,4.2497693590031105
290,4.57859885363757
392,4.776708094055343
337,4.875139966487264
582,4.760617897112434
817,4.646955554687365
26,4.117827233337818
585,4.963552407913978
612,5.079722273251374
300,4.7357163025732385
116,4.829176013886104
79,4.9759864650457
491,5.11777076113677
391,5.077491274830023
55,4.149128258037811
124,3.824217656629814
16,3.800378527942489
213,4.866924951178304
410,4.915597842415668
192,4.915597842415668
165,4.481555258453579
101,4.4574199630392135
40,4.1950032067649445
214,4.794974637258988
344,4.794974637258988
689,5.047911898645446
678,4.899507645472759
3,4.003908823028255
122,4.003908823028255
357,4.1039344974732686
294,5.0710188064867925
421,5.0819755824965585
374,5.103601500781244
108,4.621668789547104
146,4.433548610290389
5,4.070424244239896
50,4.070424244239896
493,5.069294047539775
87,4.6176103493272835
8,4.485944217113848
6,4.485944217113848
150,4.766046826561472
231,5.057786293132722
360,4.928033753764742
542,4.766046826561472
115,4.33451176551171
8,4.111182993939729
4,3.923062814683015
387,3.773278159043443
588,3.8246309422510945
248,4.69244871667959
240,4.9097303464191935
402,4.73381243872618
627,4.531761278979723
371,4.402008739611744
283,4.550412992784432
27,4.6277825071543885
601,4.34317441815536
60,4.650438667229445
6,4.701111369323239
668,5.035307924676218
161,5.16311650135459
171,5.350322959712069
507,5.599784983337495
55,4.744070747600273
327,4.687862324164705
434,5.250995154399626
192,4.7636413884974935
146,4.170388647957495
108,3.980324506011175
11,3.8063505610077657
12,3.614288462422369
68,3.5378866629011196
724,5.636915825521637
277,4.912727577001392
134,4.372771582358649
109,4.372771582358649
49,4.122803663575764
24,3.545542387106251
71,3.60196606430538
540,3.867572278823187
382,4.745764883016912
434,4.697440298238711
551,4.369524524503486
304,4.435641096136635
155,4.67546236506016
112,4.303327039906856
63,4.454759491508994
50,4.161307503499289
196,4.406282433595125
203,4.9574104580111955
608,4.760160944543183
559,4.719881458236436
24,4.331537561031734
146,3.9966069306154246
415,4.0449855093431
171,4.813341169549304
240,4.645154373691758
583,4.620150096301112
147,4.299069533411065
410,4.266835145575773
201,4.743621854051336
573,4.629959511626266
285,4.309579270089248
6,4.234600757740481
367,4.355277956846635
505,4.550879674352082
162,4.5478514759226325
106,4.545096475185245
7,3.9367297855432337
78,3.9367297855432337
476,5.115459415864811
525,5.267403287957547
555,5.235168900122256
119,3.992356262734265
329,4.354450386994388
442,4.604996646359657
74,4.497783746175597
5,4.426994630980574
131,4.426994630980574
251,4.8298349231150945
619,4.757884609195777
406,4.754910404715801
74,4.178913009822034
6,4.343407459937632
665,4.064336946497732
313,4.417937078737461
267,4.704489130426097
384,4.262051287316041
235,4.080032243841176
122,4.043175855563343
14,3.7355614458127446
101,3.4680112686053315
365,3.858182607608503
241,4.799427977078272
374,5.044670300669789
311,5.116055200149032
57,4.2018028096824684
17,3.7381146499680007
219,4.334610842701009
182,5.162149130822757
52,3.860968853546032
13,3.6248107809259875
10,3.473726635783011
112,3.7896553917180977
251,4.799427977078272
424,5.3154639300702105
154,5.131965751256038
199,5.321129285167677
225,5.1032393562823986
207,5.254152986584766
58,4.664572917660417
34,4.518676187400056
3,4.58652146795925
139,4.543895718554263
202,4.878260934530499
245,4.8547535804978725
181,4.781209464565463
62,4.093314044100329
41,3.8551405711393696
10,3.6846200940090217
10,3.735972877216673
228,5.138031279110231
346,5.320050322585095
553,5.216431035270558
181,4.56675461753143
5,4.171431471573302
100,3.8326129157777813
500,4.000135564322829
57,4.016225761265738
76,3.8615229384565852
94,3.8453787475642027
155,4.061926302240476
692,4.1756517696103135
146,4.708592907571973
325,5.2777550916205564
223,4.814039636684977
78,4.459990610896309
236,4.941964734254486
187,4.8957993659294505
220,4.928033753764742
561,4.932835400043188
151,3.8609237703062065
52,3.9012032566129533
12,3.630526148103667
4,3.630526148103667
330,3.6789047268313415
268,4.8640298054444555
262,5.160840166007184
405,4.950126353617079
50,3.71203839952308
5,3.644247112913359
509,4.048115792620896
443,4.412153879570624
297,4.048115792620896
249,3.866096749146032
25,3.398439374881768
355,3.9547548141804536
154,4.201475675108175
5,3.468244310387604
138,3.468244310387604
396,3.5330613925173493
731,3.468244310387604
321,5.0484338303768155
471,4.5294236729049
221,4.065869477783409
55,3.8093925974768994
7,3.916433128602997
46,3.920491568822817
336,4.068897676212857
731,4.732603807314153
181,4.889053158958296
37,4.869371203363217
7,4.528339437165058
49,4.869371203363217
388,5.008314347669908
232,5.185711390702233
214,5.237064173909882
285,5.497482973545075
609,5.379816184849658
198,4.870795088538803
9,4.384717786037854
659,4.367543353355101
235,4.621762284336018
212,4.695360394217902
565,4.60588734115667
373,4.17862597409029
10,3.7383026085104474
441,4.005502625041347
220,4.362525855309991
303,4.24800378593516
498,4.267122181307519
171,3.640837852924129
6,3.711626968119152
404,3.9711320468551095
541,4.06921561282787
507,4.06921561282787
118,3.987222243798019
102,3.9711320468551095
103,4.0516910194686035
219,4.067835210360986
96,3.5286942037450535
12,3.666057384078338
27,3.666057384078338
134,4.0521071579169226
210,4.0386428589948276
345,4.130973595644898
564,4.124971192735473
245,3.919793101687143
126,4.352241883636139
3,4.297976166675928
334,4.4627061107942545
154,4.586357514380382
173,4.823150584874459
204,4.880389250100399
270,4.880389250100399
433,4.531761278979723
207,4.515617088087341
64,4.506541747825515
21,4.21998969613688
285,4.287780982746601
228,4.817747916228283
329,4.833838113171193
122,4.6227116131629105
32,4.571358829955259
33,4.383238650698546
189,4.886670031718152
242,5.098764246575143
406,4.884510815264986
348,4.657240124364321
241,4.568582059329899
120,4.073877712112958
47,3.9150177162115605
9,3.735972877216673
299,4.9823607414523705
134,3.781610293246643
94,3.9860398731888553
220,3.8090917237054693
426,4.854126895330384
201,4.700748626821289
184,4.421678113381389
156,4.4539125012166805
119,4.537847978718784
38,3.8653982820103585
257,3.8845166773827176
356,4.255569621013529
310,4.223335233178237
122,3.994021846715542
33,3.7277171650620615
28,3.792566471253307
3,3.5844141757249997
5,3.517651276688299
592,3.8489901484524363
170,3.892297833188633
181,3.892297833188633
211,3.8691387856151658
302,3.91413900523688
120,3.784853147436549
5,3.8577171822551013
118,3.5569023754220255
326,3.776127967851237
313,5.321679732525844
15,4.0942955969887205
112,3.6789047268313415
164,4.023027218400614
236,4.743273547592176
218,4.850780760285922
336,4.852877449797425
88,4.143650423557294
118,4.162086883598442
317,4.031420623331229
302,4.755707604723899
381,4.212741199670419
118,4.3611454528431075
3,3.651496103773911
6,3.9359968028770975
80,4.298888127145319
267,4.544990177686598
224,4.5970414280299225
263,4.4834330795543265
153,4.189132096121276
23,4.355594133031804
18,3.825196692023
6,3.7365386269885783
19,3.342479362606197
48,3.1685054176027885
93,3.5529073954788064
196,4.333250073485148
114,4.2016700923187
42,3.34271240438847
11,3.2467037580392404
5,3.0385514625109327
66,3.2467037580392404
85,3.575183091997186
103,3.570112198005708
135,3.9050428284220167
70,3.2732209244795003
13,2.820722582557073
7,2.9529844990547307
3,2.6773352294263906
11,2.812973650812658
28,2.812973650812658
114,3.238059269621409
50,3.9393649950591643
34,3.64671180758868
30,3.627593412216322
9,3.7584476310259816
2,3.440110085050993
11,3.516000464081642
31,3.160741550666699
53,3.147957332858463
32,3.2455920052822855
11,3.1449831283784864
1,3.064720322492032
45,3.5378434903472398
90,3.3928157420631617
75,4.0225587764031205
174,4.062971315405468
197,3.7864083248778937
117,3.6863826504328805
44,3.802552515770276
9,3.638004071705206
15,3.697804253792945
239,3.7219395492073093
191,3.802552515770276
222,4.163463671418132
92,3.4606070286728827
3,3.3765945881863266
49,3.2227692803456476
48,2.688349007044681
129,3.0146169848173403
97,3.9851225376424257
54,4.021397577678826
32,3.7715675734679435
28,4.1017412965287585
15,4.1017412965287585
8,4.154921521534878
136,4.377570211993002
169,4.739879590016686
123,4.3292456272148
72,4.069740548478843
47,3.825196692023
3,3.0977163024077665
9,3.3280599306608316
85,3.2958255428255394
196,3.113806499350676
214,4.119125744891564
